Elapsed_s,Thrust_On,Propellant_Remaining_kg,Cycles
0.0,False,20.0,0
3600.0,False,20.0,0
7200.0,False,20.0,0
10800.0,False,20.0,0
14400.0,False,20.0,0
18000.0,False,20.0,0
21600.0,False,20.0,0
25200.0,False,20.0,0
28800.0,False,20.0,0
32400.0,False,20.0,0
36000.0,False,20.0,0
39600.0,False,20.0,0
43200.0,False,20.0,0
46800.0,False,20.0,0
50400.0,False,20.0,0
54000.0,False,20.0,0
57600.0,False,20.0,0
61200.0,False,20.0,0
64800.0,False,20.0,0
68400.0,False,20.0,0
72000.0,False,20.0,0
75600.0,False,20.0,0
79200.0,False,20.0,0
82800.0,False,20.0,0
86400.0,False,20.0,0
90000.0,False,20.0,0
93600.0,False,20.0,0
97200.0,False,20.0,0
100800.0,False,20.0,0
104400.0,False,20.0,0
108000.0,False,20.0,0
111600.0,False,20.0,0
115200.0,False,20.0,0
118800.0,False,20.0,0
122400.0,False,20.0,0
126000.0,False,20.0,0
129600.0,False,20.0,0
133200.0,False,20.0,0
136800.0,False,20.0,0
140400.0,False,20.0,0
144000.0,False,20.0,0
147600.0,False,20.0,0
151200.0,False,20.0,0
154800.0,False,20.0,0
158400.0,False,20.0,0
162000.0,False,20.0,0
165600.0,False,20.0,0
169200.0,False,20.0,0
172800.0,False,20.0,0
176400.0,False,20.0,0
180000.0,False,20.0,0
183600.0,False,20.0,0
187200.0,False,20.0,0
190800.0,False,20.0,0
194400.0,False,20.0,0
198000.0,False,20.0,0
201600.0,False,20.0,0
205200.0,False,20.0,0
208800.0,False,20.0,0
212400.0,False,20.0,0
216000.0,False,20.0,0
219600.0,False,20.0,0
223200.0,False,20.0,0
226800.0,False,20.0,0
230400.0,False,20.0,0
234000.0,False,20.0,0
237600.0,False,20.0,0
241200.0,False,20.0,0
244800.0,False,20.0,0
248400.0,False,20.0,0
252000.0,False,20.0,0
255600.0,False,20.0,0
259200.0,False,20.0,0
262800.0,False,20.0,0
266400.0,False,20.0,0
270000.0,False,20.0,0
273600.0,False,20.0,0
277200.0,False,20.0,0
280800.0,False,20.0,0
284400.0,False,20.0,0
288000.0,False,20.0,0
291600.0,False,20.0,0
295200.0,False,20.0,0
298800.0,False,20.0,0
302400.0,False,20.0,0
306000.0,False,20.0,0
309600.0,False,20.0,0
313200.0,False,20.0,0
316800.0,False,20.0,0
320400.0,False,20.0,0
324000.0,False,20.0,0
327600.0,False,20.0,0
331200.0,False,20.0,0
334800.0,False,20.0,0
338400.0,False,20.0,0
342000.0,False,20.0,0
345600.0,False,20.0,0
349200.0,False,20.0,0
352800.0,False,20.0,0
356400.0,False,20.0,0
360000.0,False,20.0,0
363600.0,False,20.0,0
367200.0,False,20.0,0
370800.0,False,20.0,0
374400.0,False,20.0,0
378000.0,False,20.0,0
381600.0,False,20.0,0
385200.0,False,20.0,0
388800.0,False,20.0,0
392400.0,False,20.0,0
396000.0,False,20.0,0
399600.0,False,20.0,0
403200.0,False,20.0,0
406800.0,False,20.0,0
410400.0,False,20.0,0
414000.0,False,20.0,0
417600.0,False,20.0,0
421200.0,False,20.0,0
424800.0,False,20.0,0
428400.0,False,20.0,0
432000.0,False,20.0,0
435600.0,False,20.0,0
439200.0,False,20.0,0
442800.0,False,20.0,0
446400.0,False,20.0,0
450000.0,False,20.0,0
453600.0,False,20.0,0
457200.0,False,20.0,0
460800.0,False,20.0,0
464400.0,False,20.0,0
468000.0,False,20.0,0
471600.0,False,20.0,0
475200.0,False,20.0,0
478800.0,False,20.0,0
482400.0,False,20.0,0
486000.0,False,20.0,0
489600.0,False,20.0,0
493200.0,False,20.0,0
496800.0,False,20.0,0
500400.0,False,20.0,0
504000.0,False,20.0,0
507600.0,False,20.0,0
511200.0,False,20.0,0
514800.0,False,20.0,0
518400.0,False,20.0,0
522000.0,False,20.0,0
525600.0,False,20.0,0
529200.0,False,20.0,0
532800.0,False,20.0,0
536400.0,False,20.0,0
540000.0,False,20.0,0
543600.0,False,20.0,0
547200.0,False,20.0,0
550800.0,False,20.0,0
554400.0,False,20.0,0
558000.0,False,20.0,0
561600.0,False,20.0,0
565200.0,False,20.0,0
568800.0,False,20.0,0
572400.0,False,20.0,0
576000.0,False,20.0,0
579600.0,False,20.0,0
583200.0,False,20.0,0
586800.0,False,20.0,0
590400.0,False,20.0,0
594000.0,False,20.0,0
597600.0,False,20.0,0
601200.0,False,20.0,0
604800.0,False,20.0,0
608400.0,False,20.0,0
612000.0,False,20.0,0
615600.0,False,20.0,0
619200.0,False,20.0,0
622800.0,False,20.0,0
626400.0,False,20.0,0
630000.0,False,20.0,0
633600.0,False,20.0,0
637200.0,False,20.0,0
640800.0,False,20.0,0
644400.0,False,20.0,0
648000.0,False,20.0,0
651600.0,False,20.0,0
655200.0,False,20.0,0
658800.0,False,20.0,0
662400.0,False,20.0,0
666000.0,False,20.0,0
669600.0,False,20.0,0
673200.0,False,20.0,0
676800.0,False,20.0,0
680400.0,False,20.0,0
684000.0,False,20.0,0
687600.0,False,20.0,0
691200.0,False,20.0,0
694800.0,False,20.0,0
698400.0,False,20.0,0
702000.0,False,20.0,0
705600.0,False,20.0,0
709200.0,False,20.0,0
712800.0,False,20.0,0
716400.0,False,20.0,0
720000.0,False,20.0,0
723600.0,False,20.0,0
727200.0,False,20.0,0
730800.0,False,20.0,0
734400.0,False,20.0,0
738000.0,False,20.0,0
741600.0,False,20.0,0
745200.0,False,20.0,0
748800.0,False,20.0,0
752400.0,False,20.0,0
756000.0,False,20.0,0
759600.0,False,20.0,0
763200.0,False,20.0,0
766800.0,False,20.0,0
770400.0,False,20.0,0
774000.0,False,20.0,0
777600.0,False,20.0,0
781200.0,False,20.0,0
784800.0,False,20.0,0
788400.0,False,20.0,0
792000.0,False,20.0,0
795600.0,False,20.0,0
799200.0,False,20.0,0
802800.0,False,20.0,0
806400.0,False,20.0,0
810000.0,False,20.0,0
813600.0,False,20.0,0
817200.0,False,20.0,0
820800.0,False,20.0,0
824400.0,False,20.0,0
828000.0,False,20.0,0
831600.0,False,20.0,0
835200.0,False,20.0,0
838800.0,False,20.0,0
842400.0,False,20.0,0
846000.0,False,20.0,0
849600.0,False,20.0,0
853200.0,False,20.0,0
856800.0,False,20.0,0
860400.0,False,20.0,0
864000.0,False,20.0,0
867600.0,False,20.0,0
871200.0,False,20.0,0
874800.0,False,20.0,0
878400.0,False,20.0,0
882000.0,False,20.0,0
885600.0,False,20.0,0
889200.0,False,20.0,0
892800.0,False,20.0,0
896400.0,False,20.0,0
900000.0,False,20.0,0
903600.0,False,20.0,0
907200.0,False,20.0,0
910800.0,False,20.0,0
914400.0,False,20.0,0
918000.0,False,20.0,0
921600.0,False,20.0,0
925200.0,False,20.0,0
928800.0,False,20.0,0
932400.0,False,20.0,0
936000.0,False,20.0,0
939600.0,False,20.0,0
943200.0,False,20.0,0
946800.0,False,20.0,0
950400.0,False,20.0,0
954000.0,False,20.0,0
957600.0,False,20.0,0
961200.0,False,20.0,0
964800.0,False,20.0,0
968400.0,False,20.0,0
972000.0,False,20.0,0
975600.0,False,20.0,0
979200.0,False,20.0,0
982800.0,False,20.0,0
986400.0,False,20.0,0
990000.0,False,20.0,0
993600.0,False,20.0,0
997200.0,False,20.0,0
1000800.0,False,20.0,0
1004400.0,False,20.0,0
1008000.0,False,20.0,0
1011600.0,False,20.0,0
1015200.0,False,20.0,0
1018800.0,False,20.0,0
1022400.0,True,19.997132048151,1
1026000.0,True,19.997132048151,1
1029600.0,True,19.994264096301997,2
1033200.0,True,19.994264096301997,2
1036800.0,True,19.991396144452995,3
1040400.0,True,19.991396144452995,3
1044000.0,True,19.988528192603994,4
1047600.0,True,19.988528192603994,4
1051200.0,True,19.985660240754992,5
1054800.0,True,19.985660240754992,5
1058400.0,True,19.98279228890599,6
1062000.0,True,19.98279228890599,6
1065600.0,True,19.97992433705699,7
1069200.0,True,19.97992433705699,7
1072800.0,True,19.977056385207987,8
1076400.0,True,19.977056385207987,8
1080000.0,True,19.974188433358986,9
1083600.0,True,19.974188433358986,9
1087200.0,True,19.971320481509984,10
1090800.0,True,19.971320481509984,10
1094400.0,True,19.971320481509984,10
1098000.0,True,19.968452529660983,11
1101600.0,True,19.968452529660983,11
1105200.0,True,19.96558457781198,12
1108800.0,True,19.96558457781198,12
1112400.0,True,19.96271662596298,13
1116000.0,True,19.96271662596298,13
1119600.0,True,19.959848674113978,14
1123200.0,True,19.959848674113978,14
1126800.0,True,19.956980722264976,15
1130400.0,True,19.956980722264976,15
1134000.0,True,19.954112770415975,16
1137600.0,True,19.954112770415975,16
1141200.0,True,19.951244818566973,17
1144800.0,True,19.951244818566973,17
1148400.0,True,19.94837686671797,18
1152000.0,True,19.94837686671797,18
1155600.0,True,19.94550891486897,19
1159200.0,True,19.94550891486897,19
1162800.0,True,19.94264096301997,20
1166400.0,True,19.94264096301997,20
1170000.0,True,19.939773011170967,21
1173600.0,True,19.939773011170967,21
1177200.0,True,19.936905059321965,22
1180800.0,True,19.936905059321965,22
1184400.0,True,19.934037107472964,23
1188000.0,True,19.934037107472964,23
1191600.0,True,19.931169155623962,24
1195200.0,True,19.931169155623962,24
1198800.0,True,19.92830120377496,25
1202400.0,True,19.92830120377496,25
1206000.0,True,19.92543325192596,26
1209600.0,True,19.92543325192596,26
1213200.0,True,19.922565300076958,27
1216800.0,True,19.922565300076958,27
1220400.0,True,19.919697348227956,28
1224000.0,True,19.919697348227956,28
1227600.0,True,19.916829396378954,29
1231200.0,True,19.916829396378954,29
1234800.0,True,19.913961444529953,30
1238400.0,True,19.913961444529953,30
1242000.0,True,19.91109349268095,31
1245600.0,True,19.91109349268095,31
1249200.0,True,19.90822554083195,32
1252800.0,True,19.90822554083195,32
1256400.0,True,19.905357588982948,33
1260000.0,True,19.905357588982948,33
1263600.0,True,19.902489637133947,34
1267200.0,True,19.902489637133947,34
1270800.0,True,19.899621685284945,35
1274400.0,True,19.899621685284945,35
1278000.0,True,19.896753733435943,36
1281600.0,True,19.896753733435943,36
1285200.0,True,19.893885781586942,37
1288800.0,True,19.893885781586942,37
1292400.0,True,19.89101782973794,38
1296000.0,True,19.89101782973794,38
1299600.0,True,19.88814987788894,39
1303200.0,True,19.88814987788894,39
1306800.0,True,19.885281926039937,40
1310400.0,True,19.885281926039937,40
1314000.0,True,19.882413974190936,41
1317600.0,True,19.882413974190936,41
1321200.0,True,19.879546022341934,42
1324800.0,True,19.879546022341934,42
1328400.0,True,19.876678070492932,43
1332000.0,True,19.876678070492932,43
1335600.0,True,19.87381011864393,44
1339200.0,True,19.87381011864393,44
1342800.0,True,19.87094216679493,45
1346400.0,True,19.87094216679493,45
1350000.0,True,19.868074214945928,46
1353600.0,True,19.868074214945928,46
1357200.0,True,19.865206263096926,47
1360800.0,True,19.865206263096926,47
1364400.0,True,19.862338311247925,48
1368000.0,True,19.862338311247925,48
1371600.0,True,19.859470359398923,49
1375200.0,True,19.859470359398923,49
1378800.0,True,19.85660240754992,50
1382400.0,True,19.85660240754992,50
1386000.0,True,19.85373445570092,51
1389600.0,True,19.85373445570092,51
1393200.0,True,19.85086650385192,52
1396800.0,True,19.85086650385192,52
1400400.0,True,19.847998552002917,53
1404000.0,True,19.847998552002917,53
1407600.0,True,19.845130600153915,54
1411200.0,True,19.845130600153915,54
1414800.0,True,19.842262648304914,55
1418400.0,True,19.842262648304914,55
1422000.0,True,19.839394696455912,56
1425600.0,True,19.839394696455912,56
1429200.0,True,19.83652674460691,57
1432800.0,True,19.83652674460691,57
1436400.0,True,19.83365879275791,58
1440000.0,True,19.83365879275791,58
1443600.0,True,19.830790840908907,59
1447200.0,True,19.830790840908907,59
1450800.0,True,19.827922889059906,60
1454400.0,True,19.827922889059906,60
1458000.0,True,19.825054937210904,61
1461600.0,True,19.825054937210904,61
1465200.0,True,19.822186985361903,62
1468800.0,True,19.822186985361903,62
1472400.0,True,19.8193190335129,63
1476000.0,True,19.8193190335129,63
1479600.0,True,19.8164510816639,64
1483200.0,True,19.8164510816639,64
1486800.0,True,19.813583129814898,65
1490400.0,True,19.813583129814898,65
1494000.0,True,19.810715177965896,66
1497600.0,True,19.810715177965896,66
1501200.0,True,19.807847226116895,67
1504800.0,True,19.807847226116895,67
1508400.0,True,19.804979274267893,68
1512000.0,True,19.804979274267893,68
1515600.0,True,19.80211132241889,69
1519200.0,True,19.80211132241889,69
1522800.0,True,19.79924337056989,70
1526400.0,True,19.79924337056989,70
1530000.0,True,19.79637541872089,71
1533600.0,True,19.79637541872089,71
1537200.0,True,19.793507466871887,72
1540800.0,True,19.793507466871887,72
1544400.0,True,19.790639515022885,73
1548000.0,True,19.790639515022885,73
1551600.0,True,19.787771563173884,74
1555200.0,True,19.787771563173884,74
1558800.0,True,19.784903611324882,75
1562400.0,True,19.784903611324882,75
1566000.0,True,19.78203565947588,76
1569600.0,True,19.78203565947588,76
1573200.0,True,19.77916770762688,77
1576800.0,True,19.77916770762688,77
1580400.0,True,19.776299755777877,78
1584000.0,True,19.776299755777877,78
1587600.0,True,19.773431803928876,79
1591200.0,True,19.773431803928876,79
1594800.0,True,19.770563852079874,80
1598400.0,True,19.770563852079874,80
1602000.0,True,19.767695900230873,81
1605600.0,True,19.767695900230873,81
1609200.0,True,19.76482794838187,82
1612800.0,True,19.76482794838187,82
1616400.0,True,19.76195999653287,83
1620000.0,True,19.76195999653287,83
1623600.0,True,19.759092044683868,84
1627200.0,True,19.759092044683868,84
1630800.0,True,19.756224092834866,85
1634400.0,True,19.756224092834866,85
1638000.0,True,19.753356140985865,86
1641600.0,True,19.753356140985865,86
1645200.0,True,19.750488189136863,87
1648800.0,True,19.750488189136863,87
1652400.0,True,19.74762023728786,88
1656000.0,True,19.74762023728786,88
1659600.0,True,19.74475228543886,89
1663200.0,True,19.74475228543886,89
1666800.0,True,19.74188433358986,90
1670400.0,True,19.74188433358986,90
1674000.0,True,19.739016381740857,91
1677600.0,True,19.739016381740857,91
1681200.0,True,19.736148429891855,92
1684800.0,True,19.736148429891855,92
1688400.0,True,19.733280478042854,93
1692000.0,True,19.733280478042854,93
1695600.0,True,19.730412526193852,94
1699200.0,True,19.730412526193852,94
1702800.0,True,19.72754457434485,95
1706400.0,True,19.72754457434485,95
1710000.0,True,19.72467662249585,96
1713600.0,True,19.72467662249585,96
1717200.0,True,19.721808670646848,97
1720800.0,True,19.721808670646848,97
1724400.0,True,19.718940718797846,98
1728000.0,True,19.718940718797846,98
1731600.0,True,19.716072766948844,99
1735200.0,True,19.716072766948844,99
1738800.0,True,19.713204815099843,100
1742400.0,True,19.713204815099843,100
1746000.0,True,19.71033686325084,101
1749600.0,True,19.71033686325084,101
1753200.0,True,19.70746891140184,102
1756800.0,True,19.70746891140184,102
1760400.0,True,19.704600959552838,103
1764000.0,True,19.704600959552838,103
1767600.0,True,19.701733007703837,104
1771200.0,True,19.701733007703837,104
1774800.0,True,19.698865055854835,105
1778400.0,True,19.698865055854835,105
1782000.0,True,19.695997104005833,106
1785600.0,True,19.695997104005833,106
1789200.0,True,19.693129152156832,107
1792800.0,True,19.693129152156832,107
1796400.0,True,19.69026120030783,108
1800000.0,True,19.69026120030783,108
1803600.0,True,19.68739324845883,109
1807200.0,True,19.68739324845883,109
1810800.0,True,19.684525296609827,110
1814400.0,True,19.684525296609827,110
1818000.0,True,19.681657344760826,111
1821600.0,True,19.681657344760826,111
1825200.0,True,19.678789392911824,112
1828800.0,True,19.678789392911824,112
1832400.0,True,19.675921441062822,113
1836000.0,True,19.675921441062822,113
1839600.0,True,19.67305348921382,114
1843200.0,True,19.67305348921382,114
1846800.0,True,19.67018553736482,115
1850400.0,True,19.67018553736482,115
1854000.0,True,19.667317585515818,116
1857600.0,True,19.667317585515818,116
1861200.0,True,19.664449633666816,117
1864800.0,True,19.664449633666816,117
1868400.0,True,19.661581681817815,118
1872000.0,True,19.661581681817815,118
1875600.0,True,19.658713729968813,119
1879200.0,True,19.658713729968813,119
1882800.0,True,19.65584577811981,120
1886400.0,True,19.65584577811981,120
1890000.0,True,19.65297782627081,121
1893600.0,True,19.65297782627081,121
1897200.0,True,19.65010987442181,122
1900800.0,True,19.65010987442181,122
1904400.0,True,19.647241922572807,123
1908000.0,True,19.647241922572807,123
1911600.0,True,19.644373970723805,124
1915200.0,True,19.644373970723805,124
1918800.0,True,19.641506018874804,125
1922400.0,True,19.641506018874804,125
1926000.0,True,19.638638067025802,126
1929600.0,True,19.638638067025802,126
1933200.0,True,19.6357701151768,127
1936800.0,True,19.6357701151768,127
1940400.0,True,19.6329021633278,128
1944000.0,True,19.6329021633278,128
1947600.0,True,19.630034211478797,129
1951200.0,True,19.630034211478797,129
1954800.0,True,19.627166259629796,130
1958400.0,True,19.627166259629796,130
1962000.0,True,19.624298307780794,131
1965600.0,True,19.624298307780794,131
1969200.0,True,19.621430355931793,132
1972800.0,True,19.621430355931793,132
1976400.0,True,19.61856240408279,133
1980000.0,True,19.61856240408279,133
1983600.0,True,19.61569445223379,134
1987200.0,True,19.61569445223379,134
1990800.0,True,19.612826500384788,135
1994400.0,True,19.612826500384788,135
1998000.0,True,19.609958548535786,136
2001600.0,True,19.609958548535786,136
2005200.0,True,19.607090596686785,137
2008800.0,True,19.607090596686785,137
2012400.0,True,19.604222644837783,138
2016000.0,True,19.604222644837783,138
2019600.0,True,19.60135469298878,139
2023200.0,True,19.60135469298878,139
2026800.0,True,19.59848674113978,140
2030400.0,True,19.59848674113978,140
2034000.0,True,19.59561878929078,141
2037600.0,True,19.59561878929078,141
2041200.0,True,19.592750837441777,142
2044800.0,True,19.592750837441777,142
2048400.0,True,19.589882885592775,143
2052000.0,True,19.589882885592775,143
2055600.0,True,19.587014933743774,144
2059200.0,True,19.587014933743774,144
2062800.0,True,19.584146981894772,145
2066400.0,True,19.584146981894772,145
2070000.0,True,19.58127903004577,146
2073600.0,True,19.58127903004577,146
2077200.0,True,19.57841107819677,147
2080800.0,True,19.57841107819677,147
2084400.0,True,19.575543126347767,148
2088000.0,True,19.575543126347767,148
2091600.0,True,19.572675174498766,149
2095200.0,True,19.572675174498766,149
2098800.0,True,19.569807222649764,150
2102400.0,True,19.569807222649764,150
2106000.0,True,19.566939270800763,151
2109600.0,True,19.566939270800763,151
2113200.0,True,19.56407131895176,152
2116800.0,True,19.56407131895176,152
2120400.0,True,19.56120336710276,153
2124000.0,True,19.56120336710276,153
2127600.0,True,19.558335415253758,154
2131200.0,True,19.558335415253758,154
2134800.0,True,19.555467463404757,155
2138400.0,True,19.555467463404757,155
2142000.0,True,19.552599511555755,156
2145600.0,True,19.552599511555755,156
2149200.0,True,19.549731559706753,157
2152800.0,True,19.549731559706753,157
2156400.0,True,19.546863607857752,158
2160000.0,True,19.546863607857752,158
2163600.0,True,19.54399565600875,159
2167200.0,True,19.54399565600875,159
2170800.0,True,19.54112770415975,160
2174400.0,True,19.54112770415975,160
2178000.0,True,19.538259752310747,161
2181600.0,True,19.538259752310747,161
2185200.0,True,19.535391800461746,162
2188800.0,True,19.535391800461746,162
2192400.0,True,19.532523848612744,163
2196000.0,True,19.532523848612744,163
2199600.0,True,19.529655896763742,164
2203200.0,True,19.529655896763742,164
2206800.0,True,19.52678794491474,165
2210400.0,True,19.52678794491474,165
2214000.0,True,19.52391999306574,166
2217600.0,True,19.52391999306574,166
2221200.0,False,19.52391999306574,166
2224800.0,False,19.52391999306574,166
2228400.0,False,19.52391999306574,166
2232000.0,False,19.52391999306574,166
2235600.0,False,19.52391999306574,166
2239200.0,False,19.52391999306574,166
2242800.0,False,19.52391999306574,166
2246400.0,False,19.52391999306574,166
2250000.0,False,19.52391999306574,166
2253600.0,False,19.52391999306574,166
2257200.0,False,19.52391999306574,166
2260800.0,False,19.52391999306574,166
2264400.0,False,19.52391999306574,166
2268000.0,False,19.52391999306574,166
2271600.0,False,19.52391999306574,166
2275200.0,False,19.52391999306574,166
2278800.0,False,19.52391999306574,166
2282400.0,False,19.52391999306574,166
2286000.0,False,19.52391999306574,166
2289600.0,False,19.52391999306574,166
2293200.0,False,19.52391999306574,166
2296800.0,False,19.52391999306574,166
2300400.0,False,19.52391999306574,166
2304000.0,False,19.52391999306574,166
2307600.0,False,19.52391999306574,166
2311200.0,False,19.52391999306574,166
2314800.0,False,19.52391999306574,166
2318400.0,False,19.52391999306574,166
2322000.0,False,19.52391999306574,166
2325600.0,False,19.52391999306574,166
2329200.0,False,19.52391999306574,166
2332800.0,False,19.52391999306574,166
2336400.0,False,19.52391999306574,166
2340000.0,False,19.52391999306574,166
2343600.0,False,19.52391999306574,166
2347200.0,False,19.52391999306574,166
2350800.0,False,19.52391999306574,166
2354400.0,False,19.52391999306574,166
2358000.0,False,19.52391999306574,166
2361600.0,False,19.52391999306574,166
2365200.0,False,19.52391999306574,166
2368800.0,False,19.52391999306574,166
2372400.0,False,19.52391999306574,166
2376000.0,False,19.52391999306574,166
2379600.0,False,19.52391999306574,166
2383200.0,False,19.52391999306574,166
2386800.0,False,19.52391999306574,166
2390400.0,False,19.52391999306574,166
2394000.0,False,19.52391999306574,166
2397600.0,False,19.52391999306574,166
2401200.0,False,19.52391999306574,166
2404800.0,False,19.52391999306574,166
2408400.0,False,19.52391999306574,166
2412000.0,False,19.52391999306574,166
2415600.0,False,19.52391999306574,166
2419200.0,False,19.52391999306574,166
2422800.0,False,19.52391999306574,166
2426400.0,False,19.52391999306574,166
2430000.0,False,19.52391999306574,166
2433600.0,False,19.52391999306574,166
2437200.0,False,19.52391999306574,166
2440800.0,False,19.52391999306574,166
2444400.0,False,19.52391999306574,166
2448000.0,False,19.52391999306574,166
2451600.0,False,19.52391999306574,166
2455200.0,False,19.52391999306574,166
2458800.0,False,19.52391999306574,166
2462400.0,False,19.52391999306574,166
2466000.0,False,19.52391999306574,166
2469600.0,False,19.52391999306574,166
2473200.0,False,19.52391999306574,166
2476800.0,False,19.52391999306574,166
2480400.0,False,19.52391999306574,166
2484000.0,False,19.52391999306574,166
2487600.0,False,19.52391999306574,166
2491200.0,False,19.52391999306574,166
2494800.0,False,19.52391999306574,166
2498400.0,False,19.52391999306574,166
2502000.0,False,19.52391999306574,166
2505600.0,False,19.52391999306574,166
2509200.0,False,19.52391999306574,166
2512800.0,False,19.52391999306574,166
2516400.0,False,19.52391999306574,166
2520000.0,False,19.52391999306574,166
2523600.0,False,19.52391999306574,166
2527200.0,False,19.52391999306574,166
2530800.0,False,19.52391999306574,166
2534400.0,False,19.52391999306574,166
2538000.0,False,19.52391999306574,166
2541600.0,False,19.52391999306574,166
2545200.0,False,19.52391999306574,166
2548800.0,False,19.52391999306574,166
2552400.0,False,19.52391999306574,166
2556000.0,False,19.52391999306574,166
2559600.0,False,19.52391999306574,166
2563200.0,False,19.52391999306574,166
2566800.0,False,19.52391999306574,166
2570400.0,False,19.52391999306574,166
2574000.0,False,19.52391999306574,166
2577600.0,False,19.52391999306574,166
2581200.0,False,19.52391999306574,166
2584800.0,False,19.52391999306574,166
2588400.0,False,19.52391999306574,166
2592000.0,False,19.52391999306574,166
2595600.0,False,19.52391999306574,166
2599200.0,False,19.52391999306574,166
2602800.0,False,19.52391999306574,166
2606400.0,False,19.52391999306574,166
2610000.0,False,19.52391999306574,166
2613600.0,False,19.52391999306574,166
2617200.0,False,19.52391999306574,166
2620800.0,False,19.52391999306574,166
2624400.0,False,19.52391999306574,166
2628000.0,False,19.52391999306574,166
2631600.0,False,19.52391999306574,166
2635200.0,False,19.52391999306574,166
2638800.0,False,19.52391999306574,166
2642400.0,False,19.52391999306574,166
2646000.0,False,19.52391999306574,166
2649600.0,False,19.52391999306574,166
2653200.0,False,19.52391999306574,166
2656800.0,False,19.52391999306574,166
2660400.0,False,19.52391999306574,166
2664000.0,False,19.52391999306574,166
2667600.0,False,19.52391999306574,166
2671200.0,False,19.52391999306574,166
2674800.0,False,19.52391999306574,166
2678400.0,False,19.52391999306574,166
2682000.0,False,19.52391999306574,166
2685600.0,False,19.52391999306574,166
2689200.0,False,19.52391999306574,166
2692800.0,False,19.52391999306574,166
2696400.0,False,19.52391999306574,166
2700000.0,False,19.52391999306574,166
2703600.0,False,19.52391999306574,166
2707200.0,False,19.52391999306574,166
2710800.0,False,19.52391999306574,166
2714400.0,False,19.52391999306574,166
2718000.0,False,19.52391999306574,166
2721600.0,False,19.52391999306574,166
2725200.0,False,19.52391999306574,166
2728800.0,False,19.52391999306574,166
2732400.0,False,19.52391999306574,166
2736000.0,False,19.52391999306574,166
2739600.0,False,19.52391999306574,166
2743200.0,False,19.52391999306574,166
2746800.0,False,19.52391999306574,166
2750400.0,False,19.52391999306574,166
2754000.0,False,19.52391999306574,166
2757600.0,False,19.52391999306574,166
2761200.0,False,19.52391999306574,166
2764800.0,False,19.52391999306574,166
2768400.0,False,19.52391999306574,166
2772000.0,False,19.52391999306574,166
2775600.0,False,19.52391999306574,166
2779200.0,False,19.52391999306574,166
2782800.0,False,19.52391999306574,166
2786400.0,False,19.52391999306574,166
2790000.0,False,19.52391999306574,166
2793600.0,False,19.52391999306574,166
2797200.0,False,19.52391999306574,166
2800800.0,False,19.52391999306574,166
2804400.0,False,19.52391999306574,166
2808000.0,False,19.52391999306574,166
2811600.0,False,19.52391999306574,166
2815200.0,False,19.52391999306574,166
2818800.0,False,19.52391999306574,166
2822400.0,False,19.52391999306574,166
2826000.0,False,19.52391999306574,166
2829600.0,False,19.52391999306574,166
2833200.0,False,19.52391999306574,166
2836800.0,False,19.52391999306574,166
2840400.0,False,19.52391999306574,166
2844000.0,False,19.52391999306574,166
2847600.0,False,19.52391999306574,166
2851200.0,False,19.52391999306574,166
2854800.0,False,19.52391999306574,166
2858400.0,False,19.52391999306574,166
2862000.0,False,19.52391999306574,166
2865600.0,False,19.52391999306574,166
2869200.0,False,19.52391999306574,166
2872800.0,False,19.52391999306574,166
2876400.0,False,19.52391999306574,166
2880000.0,False,19.52391999306574,166
2883600.0,False,19.52391999306574,166
2887200.0,False,19.52391999306574,166
2890800.0,False,19.52391999306574,166
2894400.0,False,19.52391999306574,166
2898000.0,False,19.52391999306574,166
2901600.0,False,19.52391999306574,166
2905200.0,False,19.52391999306574,166
2908800.0,False,19.52391999306574,166
2912400.0,False,19.52391999306574,166
2916000.0,False,19.52391999306574,166
2919600.0,False,19.52391999306574,166
2923200.0,False,19.52391999306574,166
2926800.0,False,19.52391999306574,166
2930400.0,True,19.521052041216738,167
2934000.0,True,19.521052041216738,167
2937600.0,True,19.518184089367736,168
2941200.0,True,19.518184089367736,168
2944800.0,True,19.515316137518735,169
2948400.0,True,19.515316137518735,169
2952000.0,True,19.512448185669733,170
2955600.0,True,19.512448185669733,170
2959200.0,True,19.50958023382073,171
2962800.0,True,19.50958023382073,171
2966400.0,True,19.50671228197173,172
2970000.0,True,19.50671228197173,172
2973600.0,True,19.503844330122728,173
2977200.0,True,19.503844330122728,173
2980800.0,True,19.500976378273727,174
2984400.0,True,19.500976378273727,174
2988000.0,True,19.498108426424725,175
2991600.0,True,19.498108426424725,175
2995200.0,True,19.495240474575724,176
2998800.0,True,19.495240474575724,176
3002400.0,True,19.492372522726722,177
3006000.0,True,19.492372522726722,177
3009600.0,True,19.48950457087772,178
3013200.0,True,19.48950457087772,178
3016800.0,True,19.48663661902872,179
3020400.0,True,19.48663661902872,179
3024000.0,True,19.483768667179717,180
3027600.0,True,19.483768667179717,180
3031200.0,True,19.480900715330716,181
3034800.0,True,19.480900715330716,181
3038400.0,True,19.478032763481714,182
3042000.0,True,19.478032763481714,182
3045600.0,True,19.475164811632713,183
3049200.0,True,19.475164811632713,183
3052800.0,True,19.47229685978371,184
3056400.0,True,19.47229685978371,184
3060000.0,True,19.46942890793471,185
3063600.0,True,19.46942890793471,185
3067200.0,True,19.466560956085708,186
3070800.0,True,19.466560956085708,186
3074400.0,True,19.463693004236706,187
3078000.0,True,19.463693004236706,187
3081600.0,True,19.460825052387705,188
3085200.0,True,19.460825052387705,188
3088800.0,True,19.457957100538703,189
3092400.0,True,19.457957100538703,189
3096000.0,True,19.4550891486897,190
3099600.0,True,19.4550891486897,190
3103200.0,True,19.4522211968407,191
3106800.0,True,19.4522211968407,191
3110400.0,True,19.4493532449917,192
3114000.0,True,19.4493532449917,192
3117600.0,True,19.446485293142697,193
3121200.0,True,19.446485293142697,193
3124800.0,True,19.443617341293695,194
3128400.0,True,19.443617341293695,194
3132000.0,True,19.440749389444694,195
3135600.0,True,19.440749389444694,195
3139200.0,True,19.437881437595692,196
3142800.0,True,19.437881437595692,196
3146400.0,True,19.43501348574669,197
3150000.0,True,19.43501348574669,197
3153600.0,True,19.43214553389769,198
3157200.0,True,19.43214553389769,198
3160800.0,True,19.429277582048687,199
3164400.0,True,19.429277582048687,199
3168000.0,True,19.426409630199686,200
3171600.0,True,19.426409630199686,200
3175200.0,True,19.423541678350684,201
3178800.0,True,19.423541678350684,201
3182400.0,True,19.420673726501683,202
3186000.0,True,19.420673726501683,202
3189600.0,True,19.41780577465268,203
3193200.0,True,19.41780577465268,203
3196800.0,True,19.41493782280368,204
3200400.0,True,19.41493782280368,204
3204000.0,True,19.412069870954678,205
3207600.0,True,19.412069870954678,205
3211200.0,True,19.409201919105676,206
3214800.0,True,19.409201919105676,206
3218400.0,True,19.406333967256675,207
3222000.0,True,19.406333967256675,207
3225600.0,True,19.403466015407673,208
3229200.0,True,19.403466015407673,208
3232800.0,True,19.40059806355867,209
3236400.0,True,19.40059806355867,209
3240000.0,True,19.39773011170967,210
3243600.0,True,19.39773011170967,210
3247200.0,True,19.39486215986067,211
3250800.0,True,19.39486215986067,211
3254400.0,True,19.391994208011667,212
3258000.0,True,19.391994208011667,212
3261600.0,True,19.389126256162665,213
3265200.0,True,19.389126256162665,213
3268800.0,True,19.386258304313664,214
3272400.0,True,19.386258304313664,214
3276000.0,True,19.383390352464662,215
3279600.0,True,19.383390352464662,215
3283200.0,True,19.38052240061566,216
3286800.0,True,19.38052240061566,216
3290400.0,True,19.37765444876666,217
3294000.0,True,19.37765444876666,217
3297600.0,True,19.374786496917658,218
3301200.0,True,19.374786496917658,218
3304800.0,True,19.371918545068656,219
3308400.0,True,19.371918545068656,219
3312000.0,True,19.369050593219654,220
3315600.0,True,19.369050593219654,220
3319200.0,True,19.366182641370653,221
3322800.0,True,19.366182641370653,221
3326400.0,True,19.36331468952165,222
3330000.0,True,19.36331468952165,222
3333600.0,True,19.36044673767265,223
3337200.0,True,19.36044673767265,223
3340800.0,True,19.357578785823648,224
3344400.0,True,19.357578785823648,224
3348000.0,True,19.354710833974647,225
3351600.0,True,19.354710833974647,225
3355200.0,True,19.351842882125645,226
3358800.0,True,19.351842882125645,226
3362400.0,True,19.348974930276643,227
3366000.0,True,19.348974930276643,227
3369600.0,True,19.346106978427642,228
3373200.0,True,19.346106978427642,228
3376800.0,True,19.34323902657864,229
3380400.0,True,19.34323902657864,229
3384000.0,True,19.34037107472964,230
3387600.0,True,19.34037107472964,230
3391200.0,True,19.337503122880637,231
3394800.0,True,19.337503122880637,231
3398400.0,True,19.334635171031636,232
3402000.0,True,19.334635171031636,232
3405600.0,True,19.331767219182634,233
3409200.0,True,19.331767219182634,233
3412800.0,True,19.328899267333632,234
3416400.0,True,19.328899267333632,234
3420000.0,True,19.32603131548463,235
3423600.0,True,19.32603131548463,235
3427200.0,True,19.32316336363563,236
3430800.0,True,19.32316336363563,236
3434400.0,True,19.320295411786628,237
3438000.0,True,19.320295411786628,237
3441600.0,True,19.317427459937626,238
3445200.0,True,19.317427459937626,238
3448800.0,True,19.314559508088625,239
3452400.0,True,19.314559508088625,239
3456000.0,True,19.311691556239623,240
3459600.0,True,19.311691556239623,240
3463200.0,True,19.30882360439062,241
3466800.0,True,19.30882360439062,241
3470400.0,True,19.30595565254162,242
3474000.0,True,19.30595565254162,242
3477600.0,True,19.30308770069262,243
3481200.0,True,19.30308770069262,243
3484800.0,True,19.300219748843617,244
3488400.0,True,19.300219748843617,244
3492000.0,True,19.297351796994615,245
3495600.0,True,19.297351796994615,245
3499200.0,True,19.294483845145614,246
3502800.0,True,19.294483845145614,246
3506400.0,True,19.291615893296612,247
3510000.0,True,19.291615893296612,247
3513600.0,True,19.28874794144761,248
3517200.0,True,19.28874794144761,248
3520800.0,True,19.28587998959861,249
3524400.0,True,19.28587998959861,249
3528000.0,True,19.283012037749607,250
3531600.0,True,19.283012037749607,250
3535200.0,True,19.280144085900606,251
3538800.0,True,19.280144085900606,251
3542400.0,True,19.277276134051604,252
3546000.0,True,19.277276134051604,252
3549600.0,True,19.274408182202603,253
3553200.0,True,19.274408182202603,253
3556800.0,True,19.2715402303536,254
3560400.0,True,19.2715402303536,254
3564000.0,True,19.2686722785046,255
3567600.0,True,19.2686722785046,255
3571200.0,True,19.265804326655598,256
3574800.0,True,19.265804326655598,256
3578400.0,True,19.262936374806596,257
3582000.0,True,19.262936374806596,257
3585600.0,True,19.260068422957595,258
3589200.0,True,19.260068422957595,258
3592800.0,True,19.257200471108593,259
3596400.0,True,19.257200471108593,259
3600000.0,True,19.25433251925959,260
3603600.0,True,19.25433251925959,260
3607200.0,True,19.25146456741059,261
3610800.0,True,19.25146456741059,261
3614400.0,True,19.24859661556159,262
3618000.0,True,19.24859661556159,262
3621600.0,True,19.245728663712587,263
3625200.0,True,19.245728663712587,263
3628800.0,True,19.242860711863585,264
3632400.0,True,19.242860711863585,264
3636000.0,True,19.239992760014584,265
3639600.0,True,19.239992760014584,265
3643200.0,True,19.237124808165582,266
3646800.0,True,19.237124808165582,266
3650400.0,True,19.23425685631658,267
3654000.0,True,19.23425685631658,267
3657600.0,True,19.23138890446758,268
3661200.0,True,19.23138890446758,268
3664800.0,True,19.228520952618577,269
3668400.0,True,19.228520952618577,269
3672000.0,True,19.225653000769576,270
3675600.0,True,19.225653000769576,270
3679200.0,True,19.222785048920574,271
3682800.0,True,19.222785048920574,271
3686400.0,True,19.219917097071573,272
3690000.0,True,19.219917097071573,272
3693600.0,True,19.21704914522257,273
3697200.0,True,19.21704914522257,273
3700800.0,True,19.21418119337357,274
3704400.0,True,19.21418119337357,274
3708000.0,True,19.211313241524568,275
3711600.0,True,19.211313241524568,275
3715200.0,True,19.208445289675566,276
3718800.0,True,19.208445289675566,276
3722400.0,True,19.205577337826565,277
3726000.0,True,19.205577337826565,277
3729600.0,True,19.202709385977563,278
3733200.0,True,19.202709385977563,278
3736800.0,True,19.19984143412856,279
3740400.0,True,19.19984143412856,279
3744000.0,True,19.19697348227956,280
3747600.0,True,19.19697348227956,280
3751200.0,True,19.19410553043056,281
3754800.0,True,19.19410553043056,281
3758400.0,True,19.191237578581557,282
3762000.0,True,19.191237578581557,282
3765600.0,True,19.188369626732555,283
3769200.0,True,19.188369626732555,283
3772800.0,True,19.185501674883554,284
3776400.0,True,19.185501674883554,284
3780000.0,True,19.182633723034552,285
3783600.0,True,19.182633723034552,285
3787200.0,True,19.17976577118555,286
3790800.0,True,19.17976577118555,286
3794400.0,True,19.17689781933655,287
3798000.0,True,19.17689781933655,287
3801600.0,True,19.174029867487548,288
3805200.0,True,19.174029867487548,288
3808800.0,True,19.171161915638546,289
3812400.0,True,19.171161915638546,289
3816000.0,False,19.171161915638546,289
3819600.0,False,19.171161915638546,289
3823200.0,False,19.171161915638546,289
3826800.0,False,19.171161915638546,289
3830400.0,False,19.171161915638546,289
3834000.0,False,19.171161915638546,289
3837600.0,False,19.171161915638546,289
3841200.0,False,19.171161915638546,289
3844800.0,False,19.171161915638546,289
3848400.0,False,19.171161915638546,289
3852000.0,False,19.171161915638546,289
3855600.0,False,19.171161915638546,289
3859200.0,False,19.171161915638546,289
3862800.0,False,19.171161915638546,289
3866400.0,False,19.171161915638546,289
3870000.0,False,19.171161915638546,289
3873600.0,False,19.171161915638546,289
3877200.0,False,19.171161915638546,289
3880800.0,False,19.171161915638546,289
3884400.0,False,19.171161915638546,289
3888000.0,False,19.171161915638546,289
3891600.0,False,19.171161915638546,289
3895200.0,False,19.171161915638546,289
3898800.0,False,19.171161915638546,289
3902400.0,False,19.171161915638546,289
3906000.0,False,19.171161915638546,289
3909600.0,False,19.171161915638546,289
3913200.0,False,19.171161915638546,289
3916800.0,False,19.171161915638546,289
3920400.0,False,19.171161915638546,289
3924000.0,False,19.171161915638546,289
3927600.0,False,19.171161915638546,289
3931200.0,False,19.171161915638546,289
3934800.0,False,19.171161915638546,289
3938400.0,False,19.171161915638546,289
3942000.0,False,19.171161915638546,289
3945600.0,False,19.171161915638546,289
3949200.0,False,19.171161915638546,289
3952800.0,False,19.171161915638546,289
3956400.0,False,19.171161915638546,289
3960000.0,False,19.171161915638546,289
3963600.0,False,19.171161915638546,289
3967200.0,False,19.171161915638546,289
3970800.0,False,19.171161915638546,289
3974400.0,False,19.171161915638546,289
3978000.0,False,19.171161915638546,289
3981600.0,False,19.171161915638546,289
3985200.0,False,19.171161915638546,289
3988800.0,False,19.171161915638546,289
3992400.0,False,19.171161915638546,289
3996000.0,False,19.171161915638546,289
3999600.0,False,19.171161915638546,289
4003200.0,False,19.171161915638546,289
4006800.0,False,19.171161915638546,289
4010400.0,False,19.171161915638546,289
4014000.0,False,19.171161915638546,289
4017600.0,False,19.171161915638546,289
4021200.0,False,19.171161915638546,289
4024800.0,False,19.171161915638546,289
4028400.0,False,19.171161915638546,289
4032000.0,False,19.171161915638546,289
4035600.0,False,19.171161915638546,289
4039200.0,False,19.171161915638546,289
4042800.0,False,19.171161915638546,289
4046400.0,False,19.171161915638546,289
4050000.0,False,19.171161915638546,289
4053600.0,False,19.171161915638546,289
4057200.0,False,19.171161915638546,289
4060800.0,False,19.171161915638546,289
4064400.0,False,19.171161915638546,289
4068000.0,False,19.171161915638546,289
4071600.0,False,19.171161915638546,289
4075200.0,False,19.171161915638546,289
4078800.0,False,19.171161915638546,289
4082400.0,False,19.171161915638546,289
4086000.0,False,19.171161915638546,289
4089600.0,False,19.171161915638546,289
4093200.0,False,19.171161915638546,289
4096800.0,False,19.171161915638546,289
4100400.0,False,19.171161915638546,289
4104000.0,False,19.171161915638546,289
4107600.0,False,19.171161915638546,289
4111200.0,False,19.171161915638546,289
4114800.0,False,19.171161915638546,289
4118400.0,False,19.171161915638546,289
4122000.0,False,19.171161915638546,289
4125600.0,False,19.171161915638546,289
4129200.0,False,19.171161915638546,289
4132800.0,False,19.171161915638546,289
4136400.0,False,19.171161915638546,289
4140000.0,False,19.171161915638546,289
4143600.0,False,19.171161915638546,289
4147200.0,False,19.171161915638546,289
4150800.0,False,19.171161915638546,289
4154400.0,False,19.171161915638546,289
4158000.0,False,19.171161915638546,289
4161600.0,False,19.171161915638546,289
4165200.0,False,19.171161915638546,289
4168800.0,False,19.171161915638546,289
4172400.0,False,19.171161915638546,289
4176000.0,False,19.171161915638546,289
4179600.0,False,19.171161915638546,289
4183200.0,False,19.171161915638546,289
4186800.0,False,19.171161915638546,289
4190400.0,False,19.171161915638546,289
4194000.0,False,19.171161915638546,289
4197600.0,False,19.171161915638546,289
4201200.0,False,19.171161915638546,289
4204800.0,False,19.171161915638546,289
4208400.0,False,19.171161915638546,289
4212000.0,False,19.171161915638546,289
4215600.0,False,19.171161915638546,289
4219200.0,False,19.171161915638546,289
4222800.0,False,19.171161915638546,289
4226400.0,False,19.171161915638546,289
4230000.0,False,19.171161915638546,289
4233600.0,False,19.171161915638546,289
4237200.0,False,19.171161915638546,289
4240800.0,False,19.171161915638546,289
4244400.0,False,19.171161915638546,289
4248000.0,False,19.171161915638546,289
4251600.0,False,19.171161915638546,289
4255200.0,False,19.171161915638546,289
4258800.0,False,19.171161915638546,289
4262400.0,False,19.171161915638546,289
4266000.0,False,19.171161915638546,289
4269600.0,False,19.171161915638546,289
4273200.0,False,19.171161915638546,289
4276800.0,False,19.171161915638546,289
4280400.0,False,19.171161915638546,289
4284000.0,False,19.171161915638546,289
4287600.0,False,19.171161915638546,289
4291200.0,False,19.171161915638546,289
4294800.0,False,19.171161915638546,289
4298400.0,False,19.171161915638546,289
4302000.0,False,19.171161915638546,289
4305600.0,False,19.171161915638546,289
4309200.0,False,19.171161915638546,289
4312800.0,False,19.171161915638546,289
4316400.0,False,19.171161915638546,289
4320000.0,False,19.171161915638546,289
4323600.0,False,19.171161915638546,289
4327200.0,False,19.171161915638546,289
4330800.0,False,19.171161915638546,289
4334400.0,False,19.171161915638546,289
4338000.0,False,19.171161915638546,289
4341600.0,False,19.171161915638546,289
4345200.0,False,19.171161915638546,289
4348800.0,False,19.171161915638546,289
4352400.0,False,19.171161915638546,289
4356000.0,False,19.171161915638546,289
4359600.0,False,19.171161915638546,289
4363200.0,False,19.171161915638546,289
4366800.0,False,19.171161915638546,289
4370400.0,False,19.171161915638546,289
4374000.0,False,19.171161915638546,289
4377600.0,False,19.171161915638546,289
4381200.0,False,19.171161915638546,289
4384800.0,False,19.171161915638546,289
4388400.0,False,19.171161915638546,289
4392000.0,False,19.171161915638546,289
4395600.0,False,19.171161915638546,289
4399200.0,False,19.171161915638546,289
4402800.0,False,19.171161915638546,289
4406400.0,False,19.171161915638546,289
4410000.0,False,19.171161915638546,289
4413600.0,False,19.171161915638546,289
4417200.0,False,19.171161915638546,289
4420800.0,False,19.171161915638546,289
4424400.0,False,19.171161915638546,289
4428000.0,False,19.171161915638546,289
4431600.0,False,19.171161915638546,289
4435200.0,False,19.171161915638546,289
4438800.0,False,19.171161915638546,289
4442400.0,False,19.171161915638546,289
4446000.0,False,19.171161915638546,289
4449600.0,False,19.171161915638546,289
4453200.0,False,19.171161915638546,289
4456800.0,False,19.171161915638546,289
4460400.0,False,19.171161915638546,289
4464000.0,False,19.171161915638546,289
4467600.0,False,19.171161915638546,289
4471200.0,False,19.171161915638546,289
4474800.0,True,19.168293963789544,290
4478400.0,True,19.168293963789544,290
4482000.0,True,19.165426011940543,291
4485600.0,True,19.165426011940543,291
4489200.0,True,19.16255806009154,292
4492800.0,True,19.16255806009154,292
4496400.0,True,19.15969010824254,293
4500000.0,True,19.15969010824254,293
4503600.0,True,19.156822156393538,294
4507200.0,True,19.156822156393538,294
4510800.0,True,19.153954204544537,295
4514400.0,True,19.153954204544537,295
4518000.0,True,19.151086252695535,296
4521600.0,True,19.151086252695535,296
4525200.0,True,19.148218300846533,297
4528800.0,True,19.148218300846533,297
4532400.0,True,19.145350348997532,298
4536000.0,True,19.145350348997532,298
4539600.0,True,19.14248239714853,299
4543200.0,True,19.14248239714853,299
4546800.0,True,19.13961444529953,300
4550400.0,True,19.13961444529953,300
4554000.0,True,19.136746493450527,301
4557600.0,True,19.136746493450527,301
4561200.0,True,19.133878541601526,302
4564800.0,True,19.133878541601526,302
4568400.0,True,19.131010589752524,303
4572000.0,True,19.131010589752524,303
4575600.0,True,19.128142637903522,304
4579200.0,True,19.128142637903522,304
4582800.0,True,19.12527468605452,305
4586400.0,True,19.12527468605452,305
4590000.0,True,19.12240673420552,306
4593600.0,True,19.12240673420552,306
4597200.0,True,19.119538782356518,307
4600800.0,True,19.119538782356518,307
4604400.0,True,19.116670830507516,308
4608000.0,True,19.116670830507516,308
4611600.0,True,19.113802878658515,309
4615200.0,True,19.113802878658515,309
4618800.0,True,19.110934926809513,310
4622400.0,True,19.110934926809513,310
4626000.0,True,19.10806697496051,311
4629600.0,True,19.10806697496051,311
4633200.0,True,19.10519902311151,312
4636800.0,True,19.10519902311151,312
4640400.0,True,19.10233107126251,313
4644000.0,True,19.10233107126251,313
4647600.0,True,19.099463119413507,314
4651200.0,True,19.099463119413507,314
4654800.0,True,19.096595167564505,315
4658400.0,True,19.096595167564505,315
4662000.0,True,19.093727215715504,316
4665600.0,True,19.093727215715504,316
4669200.0,True,19.090859263866502,317
4672800.0,True,19.090859263866502,317
4676400.0,True,19.0879913120175,318
4680000.0,True,19.0879913120175,318
4683600.0,True,19.0851233601685,319
4687200.0,True,19.0851233601685,319
4690800.0,True,19.082255408319497,320
4694400.0,True,19.082255408319497,320
4698000.0,True,19.079387456470496,321
4701600.0,True,19.079387456470496,321
4705200.0,True,19.076519504621494,322
4708800.0,True,19.076519504621494,322
4712400.0,True,19.073651552772493,323
4716000.0,True,19.073651552772493,323
4719600.0,True,19.07078360092349,324
4723200.0,True,19.07078360092349,324
4726800.0,True,19.06791564907449,325
4730400.0,True,19.06791564907449,325
4734000.0,True,19.065047697225488,326
4737600.0,True,19.065047697225488,326
4741200.0,True,19.062179745376486,327
4744800.0,True,19.062179745376486,327
4748400.0,True,19.059311793527485,328
4752000.0,True,19.059311793527485,328
4755600.0,True,19.056443841678483,329
4759200.0,True,19.056443841678483,329
4762800.0,True,19.05357588982948,330
4766400.0,True,19.05357588982948,330
4770000.0,True,19.05070793798048,331
4773600.0,True,19.05070793798048,331
4777200.0,True,19.04783998613148,332
4780800.0,True,19.04783998613148,332
4784400.0,True,19.044972034282477,333
4788000.0,True,19.044972034282477,333
4791600.0,True,19.042104082433475,334
4795200.0,True,19.042104082433475,334
4798800.0,True,19.039236130584474,335
4802400.0,True,19.039236130584474,335
4806000.0,True,19.036368178735472,336
4809600.0,True,19.036368178735472,336
4813200.0,True,19.03350022688647,337
4816800.0,True,19.03350022688647,337
4820400.0,True,19.03063227503747,338
4824000.0,True,19.03063227503747,338
4827600.0,True,19.027764323188467,339
4831200.0,True,19.027764323188467,339
4834800.0,True,19.024896371339466,340
4838400.0,True,19.024896371339466,340
4842000.0,True,19.022028419490464,341
4845600.0,True,19.022028419490464,341
4849200.0,True,19.019160467641463,342
4852800.0,True,19.019160467641463,342
4856400.0,True,19.01629251579246,343
4860000.0,True,19.01629251579246,343
4863600.0,True,19.01342456394346,344
4867200.0,True,19.01342456394346,344
4870800.0,True,19.010556612094458,345
4874400.0,True,19.010556612094458,345
4878000.0,True,19.007688660245456,346
4881600.0,True,19.007688660245456,346
4885200.0,True,19.004820708396455,347
4888800.0,True,19.004820708396455,347
4892400.0,True,19.001952756547453,348
4896000.0,True,19.001952756547453,348
4899600.0,True,18.99908480469845,349
4903200.0,True,18.99908480469845,349
4906800.0,True,18.99621685284945,350
4910400.0,True,18.99621685284945,350
4914000.0,True,18.99334890100045,351
4917600.0,True,18.99334890100045,351
4921200.0,True,18.990480949151447,352
4924800.0,True,18.990480949151447,352
4928400.0,True,18.987612997302445,353
4932000.0,True,18.987612997302445,353
4935600.0,True,18.984745045453444,354
4939200.0,True,18.984745045453444,354
4942800.0,True,18.981877093604442,355
4946400.0,True,18.981877093604442,355
4950000.0,True,18.97900914175544,356
4953600.0,True,18.97900914175544,356
4957200.0,True,18.97614118990644,357
4960800.0,True,18.97614118990644,357
4964400.0,True,18.973273238057438,358
4968000.0,True,18.973273238057438,358
4971600.0,True,18.970405286208436,359
4975200.0,True,18.970405286208436,359
4978800.0,True,18.967537334359434,360
4982400.0,True,18.967537334359434,360
4986000.0,True,18.964669382510433,361
4989600.0,True,18.964669382510433,361
4993200.0,True,18.96180143066143,362
4996800.0,True,18.96180143066143,362
5000400.0,True,18.95893347881243,363
5004000.0,True,18.95893347881243,363
5007600.0,True,18.956065526963428,364
5011200.0,True,18.956065526963428,364
5014800.0,True,18.953197575114427,365
5018400.0,True,18.953197575114427,365
5022000.0,True,18.950329623265425,366
5025600.0,True,18.950329623265425,366
5029200.0,True,18.947461671416423,367
5032800.0,True,18.947461671416423,367
5036400.0,True,18.944593719567422,368
5040000.0,True,18.944593719567422,368
5043600.0,True,18.94172576771842,369
5047200.0,True,18.94172576771842,369
5050800.0,True,18.93885781586942,370
5054400.0,True,18.93885781586942,370
5058000.0,True,18.935989864020417,371
5061600.0,True,18.935989864020417,371
5065200.0,True,18.933121912171416,372
5068800.0,True,18.933121912171416,372
5072400.0,True,18.930253960322414,373
5076000.0,True,18.930253960322414,373
5079600.0,True,18.927386008473412,374
5083200.0,True,18.927386008473412,374
5086800.0,True,18.92451805662441,375
5090400.0,True,18.92451805662441,375
5094000.0,True,18.92165010477541,376
5097600.0,True,18.92165010477541,376
5101200.0,True,18.918782152926408,377
5104800.0,True,18.918782152926408,377
5108400.0,True,18.915914201077406,378
5112000.0,True,18.915914201077406,378
5115600.0,True,18.913046249228405,379
5119200.0,True,18.913046249228405,379
5122800.0,True,18.910178297379403,380
5126400.0,True,18.910178297379403,380
5130000.0,True,18.9073103455304,381
5133600.0,True,18.9073103455304,381
5137200.0,True,18.9044423936814,382
5140800.0,True,18.9044423936814,382
5144400.0,True,18.9015744418324,383
5148000.0,True,18.9015744418324,383
5151600.0,True,18.898706489983397,384
5155200.0,True,18.898706489983397,384
5158800.0,True,18.895838538134395,385
5162400.0,True,18.895838538134395,385
