Elapsed_s,SMA_km,Eccentricity,Inclination_deg,RAAN_deg
0.0,6638.136999999999,9.99999993922529e-09,96.7,11.500000000000002
3600.0,6623.015418173455,0.0011379216380327042,96.70706715324876,11.53854609100794
7200.0,6623.801705316179,0.001019300678097029,96.70850846032454,11.588818270625973
10800.0,6637.703167155718,8.359631842118146e-05,96.70170126233383,11.625229573206834
14400.0,6621.655306049506,0.001287793102609261,96.71158680138285,11.664360413554512
18000.0,6624.317177953041,0.0008320882254213838,96.71114142710398,11.715338215612476
21600.0,6637.145169482663,0.00018528759424866874,96.70520377330729,11.752571174992035
25200.0,6620.401749000841,0.001422047521809238,96.71404529961531,11.792072479907612
28800.0,6624.876165196516,0.0006445576845983479,96.7108582550843,11.842234479205322
32400.0,6636.312180861417,0.0002927252725942479,96.70512188552588,11.878370777747756
36000.0,6619.325471492888,0.001522520488251219,96.71140789076591,11.91764933620628
39600.0,6625.444977631244,0.0005299417572546298,96.7088446160413,11.968262025605325
43200.0,6635.543336381103,0.0003727563571135192,96.70154116896333,12.005344518791008
46800.0,6618.292155892934,0.0016687370283320932,96.710698479108,12.047252582661862
50400.0,6626.076398180586,0.00040651561405357674,96.70664887041706,12.09738731295968
54000.0,6634.504742695166,0.00045760906635609276,96.70339546943622,12.132246640598387
57600.0,6617.2297975867195,0.0017694864225516567,96.71362391295004,12.173786515917067
61200.0,6626.824274208456,0.0002634270782750849,96.70927795468499,12.222810314466846
64800.0,6633.413696145371,0.0005551782968909876,96.70673378745181,12.256774477047122
68400.0,6616.259702628958,0.001855495361087239,96.7154992909277,12.29939593985603
72000.0,6627.503454198123,0.00016249710517041995,96.71054128349203,12.348050882101601
75600.0,6632.245067596966,0.0006857200717575899,96.70681696568741,12.381604744812138
79200.0,6615.43844836115,0.001970403964585578,96.71424494511216,12.426490977898691
82800.0,6628.062579714209,0.00023905608115706075,96.70559957328618,12.474604150174084
86400.0,6630.765567045455,0.0008209211945552139,96.70312219886225,12.506357190871727
90000.0,6614.801898976036,0.0020344212967844553,96.71105473312508,12.55233775992809
93600.0,6628.721409374656,0.000358644228275827,96.70585397600007,12.59923137835783
97200.0,6629.389988674035,0.0009328030667356761,96.70608530053036,12.632064091514652
100800.0,6614.260609017073,0.0021102621257625197,96.71518536385634,12.678927109509416
104400.0,6629.317030204946,0.0005442263080172379,96.70853450419693,12.72532305386386
108000.0,6627.822187701888,0.0010736351746116575,96.70986189924155,12.759710454783418
111600.0,6613.882047678903,0.00217196090780658,96.71738121922226,12.807613058690661
115200.0,6629.8842651101595,0.0007268758773308685,96.7086606556281,12.851912721324748
118800.0,6626.067862005681,0.0012260759663530647,96.70966031839816,12.88593398836475
122400.0,6613.697394964353,0.002199051352388165,96.71438211565383,12.933794468915435
126000.0,6630.271921539601,0.000817207265743809,96.70578620096776,12.978049684090397
129600.0,6624.281159081682,0.0013395386007933245,96.70723914945054,13.01358118457584
133200.0,6613.619089828795,0.0022020940673476972,96.71288351720227,13.063642249066566
136800.0,6630.503856709348,0.0008900821726328833,96.70449043949777,13.106382730343213
140400.0,6622.451844279072,0.0014114390830333853,96.70948443815378,13.141457744920181
144000.0,6613.647538838865,0.0021707471235372913,96.71513364775042,13.19046793507612
147600.0,6630.754270841528,0.0009932434500516717,96.70725550741403,13.231643726520632
151200.0,6620.579594924004,0.0015442844566483525,96.71304697363482,13.266667901470433
154800.0,6613.8678075010885,0.0021412758336059362,96.71652301719858,13.316029681819769
158400.0,6630.742131297723,0.0010850968676119352,96.70855300088967,13.356705978500905
162000.0,6618.72425877675,0.0016962309770983184,96.71337919499616,13.391978652383942
165600.0,6614.360094048329,0.002122696537173313,96.7149321811734,13.442868031275012
169200.0,6630.607465456135,0.0011598894466829496,96.70458299688393,13.482849666352692
172800.0,6616.852912494658,0.001825862197603191,96.71016909012879,13.518024371055589
176400.0,6615.098915527185,0.00202728569196738,96.71092545071853,13.568799297829058
180000.0,6630.201174986394,0.0011585515903859804,96.70465784843209,13.607349346358058
183600.0,6615.135437544789,0.0019004466403271286,96.71342525138296,13.644853199449713
187200.0,6615.820500234632,0.0019304091723990455,96.71412327083819,13.695925144662453
190800.0,6629.5909684931685,0.0011688252774884318,96.70818637936827,13.733082825839558
194400.0,6613.42114877525,0.0019678120126109754,96.71710269475699,13.77323404668065
198000.0,6616.58491661068,0.0018401348272249817,96.71579731595898,13.824711552974136
201600.0,6628.833110029999,0.0011549725061029549,96.70945489277474,13.859712243055485
205200.0,6611.738746724359,0.0020385613492500676,96.71612750007552,13.899577361356592
208800.0,6617.519650162079,0.0017211873902291317,96.71238380810587,13.950616309321713
212400.0,6627.636701245711,0.0010404053712109518,96.70593720634119,13.985747830852832
216000.0,6610.237439636808,0.0020608650983284433,96.71451029091124,14.029112206243402
219600.0,6618.477360286621,0.0015284987625651743,96.709986598012,14.08035045485561
223200.0,6626.282742836451,0.0008643114643172814,96.70682867559995,14.114221742512035
226800.0,6608.960570891529,0.002021748485568356,96.7160476792437,14.158261541847855
230400.0,6619.453056473708,0.001337647514025055,96.71173443484685,14.206729340540418
234000.0,6624.767094106915,0.0007255887826903747,96.71023291074493,14.239839232995454
237600.0,6607.849907233036,0.002009897037780602,96.7191689688028,14.284288291352315
241200.0,6620.489902597003,0.0011759915731862896,96.71289377087531,14.331689477187586
244800.0,6622.9209305517425,0.0005671171097235147,96.7119435851791,14.365167618511434
248400.0,6607.047287449173,0.00196091934863503,96.71917610692753,14.410287268351588
252000.0,6621.340446167147,0.001049917376481403,96.71124485315876,14.457865274146569
255600.0,6621.028822827946,0.0003784810875135727,96.70906824885594,14.491808204073747
259200.0,6606.579018451717,0.00188257707134579,96.7152902098681,14.537848792406086
262800.0,6622.207559296925,0.0008553545208771195,96.70744613907642,14.58266444956244
266400.0,6618.872502121052,0.00014341611362339503,96.7097319612311,14.617059742086642
270000.0,6606.226241861358,0.0017509611811062635,96.7176247364983,14.665593236085403
273600.0,6622.8557275590665,0.0006553631441075879,96.71012675433806,14.709433332209008
277200.0,6616.554465667281,0.00016825688644171174,96.71473898541231,14.743755781756086
280800.0,6606.166367919084,0.0015631641246322157,96.72040260296905,14.794021880979855
284400.0,6623.258377913202,0.0004900604959735268,96.71196413472121,14.837657532308748
288000.0,6614.144670357257,0.0004533782809085021,96.71642286541457,14.871279189023518
291600.0,6606.472901194036,0.0013522055772421965,96.71842292797615,14.920714642525768
295200.0,6623.450986664138,0.00036034257511701503,96.7096843284539,14.962628809161837
298800.0,6611.856051715177,0.0007187425462198372,96.71366226366754,14.998365067049669
302400.0,6607.01194134466,0.001141614333699802,96.71601432679938,15.050584126411001
306000.0,6623.320730645554,0.000247173315308406,96.70706094070731,15.091887819823702
309600.0,6609.588579253898,0.001048005699494191,96.71484063699657,15.128256480348615
313200.0,6607.837606142509,0.0008863247416497014,96.71608168893584,15.179849585411402
316800.0,6622.863785001317,0.0002892772746340417,96.70956173954647,15.217744448598657
320400.0,6607.269736708919,0.0013254458577585573,96.71846450384749,15.255235065639148
324000.0,6608.9082559704375,0.0006086203273740163,96.71819342463806,15.305882801460662
327600.0,6622.063467620946,0.0004351785798179449,96.71179973946333,15.342394235809206
331200.0,6605.158666774091,0.001576382813216437,96.72031241077431,15.381870882528153
334800.0,6610.121599170538,0.00030211836182341984,96.71725902837488,15.43259038956206
338400.0,6620.885139516245,0.0006363571973843025,96.71044798969234,15.468410764028679
342000.0,6603.302383688041,0.0018416865832097766,96.71754164569155,15.509978670436615
345600.0,6611.296873159643,0.00011981753364971805,96.71215772977908,15.559971557128984
349200.0,6619.139924193361,0.0008054220795820731,96.70863545719249,15.592909456937342
352800.0,6601.699036931395,0.00204439770032544,96.71749599335374,15.636939748205846
356400.0,6612.603618754911,0.00030723531422894803,96.71380249556144,15.686080232626603
360000.0,6617.332962767246,0.0009888320644059828,96.71244518739289,15.719750175996317
363600.0,6600.456769527253,0.0022428261888829326,96.72222814177258,15.765406727289447
367200.0,6613.85316644443,0.0006144027518257781,96.71581574910763,15.813927264716309
370800.0,6615.074533686283,0.0011953254557146352,96.7152571005079,15.84837515477551
374400.0,6599.661537086989,0.0023877779740666375,96.7233701222269,15.894793715924408
378000.0,6615.068674555173,0.0008901523598093638,96.71362853806647,15.939967029807825
381600.0,6612.40957688093,0.0013971705728248588,96.7151102135237,15.974129199692191
385200.0,6599.3022634918525,0.0024363695806182144,96.71972046460023,16.023233491118546
388800.0,6615.808024478986,0.0010381231117226643,96.7108339668773,16.068647825000248
392400.0,6609.7370084149925,0.0015287248269159092,96.71277590185227,16.10411646769151
396000.0,6599.277188531583,0.0024476479732093654,96.71921177398728,16.153951807505518
399600.0,6616.390765653486,0.0011722231368762497,96.71145313496204,16.196279165193705
403200.0,6606.873559711919,0.0016503904246023867,96.71710906760028,16.231724805236933
406800.0,6599.6210661976875,0.002390867215688481,96.72142830195553,16.28163367912124
410400.0,6616.587976223281,0.001278812053847078,96.71360998656226,16.32165392242567
414000.0,6603.991439428336,0.0018029326325718234,96.72058299536988,16.35803168712486
417600.0,6600.421016144661,0.002287434581387768,96.72191429755105,16.40821242395902
421200.0,6616.180231484675,0.0013328259136167115,96.71284878501163,16.447814162446164
424800.0,6601.192913280311,0.0019577487041366553,96.71891719989047,16.48474207930074
428400.0,6601.668033470038,0.0021555700061848897,96.71799022962809,16.536138706748062
432000.0,6615.436863373262,0.0012864878102570977,96.70930074072373,16.573950155688085
435600.0,6598.682320242237,0.0020345156166466866,96.71822124792692,16.61222419355227
439200.0,6603.170815556081,0.0019181757822715588,96.71575950111618,16.66306836067632
442800.0,6613.985172990806,0.0011576020966552036,96.71229621563623,16.699309002309278
446400.0,6596.471228720089,0.0020239027787847014,96.72208079757777,16.74114057494684
450000.0,6604.642315035403,0.001680739393613759,96.7187455988897,16.791878166625718
453600.0,6612.106742628525,0.0009847960904031852,96.71580018163225,16.8267494608865
457200.0,6594.5912097529,0.001985706497198343,96.7245245183917,16.871190435778406
460800.0,6606.130716752423,0.0014210600831989861,96.71891740480282,16.920729708999133
464400.0,6609.609110442655,0.0007186744683259582,96.71529898949638,16.952944472199686
468000.0,6593.239071159051,0.0018947536038377006,96.7231530296193,16.99818687936046
471600.0,6607.623838330051,0.00111818766617553,96.71433045358388,17.047603753851728
475200.0,6606.712260991376,0.0003889895366586351,96.71340407237678,17.081868006023715
478800.0,6592.524142563876,0.0016911740286982158,96.72044463760759,17.13128477686807
482400.0,6608.744280468605,0.000769291674995868,96.71282504913923,17.177358786873445
486000.0,6603.60197424056,0.0002811624856926892,96.71679267329218,17.210597589404028
489600.0,6592.337253788122,0.0014462472464085475,96.72305708087703,17.26048778343097
493200.0,6609.468225388206,0.000495134528007317,96.71516666352274,17.303309237145964
496800.0,6600.160690355887,0.0006013246442591136,96.72034550772223,17.33735486064521
500400.0,6592.810007614021,0.0011622444748637139,96.72484976459351,17.387992513955098
504000.0,6609.749786247199,0.0003373156355229845,96.71555919240289,17.42844782535046
507600.0,6596.73798353174,0.001012446856490417,96.72179900665317,17.46533675760552
511200.0,6593.810446031755,0.0007985469265829135,96.72138834146479,17.516163328067968
514800.0,6609.206131643396,0.00044547072475077475,96.71247206919591,17.554819117790583
518400.0,6593.5120881096045,0.0014341383792415953,96.71866953712696,17.593494484727604
522000.0,6595.129759980865,0.00046512588814621753,96.71818573329277,17.644436362557244
525600.0,6607.910697710948,0.0006304006897677971,96.71219463864978,17.680061345754872
529200.0,6590.547044579511,0.0018276347471021606,96.72225521521219,17.72149017848477
532800.0,6596.860913606078,0.000153704375900847,96.72011592782182,17.77241636571365
536400.0,6606.076270506194,0.0008789879735265027,96.71643939648432,17.807952032172736
540000.0,6588.132845315536,0.0021705960692013646,96.7264630729494,17.851765939770242
543600.0,6598.656623593904,0.00046129510648926713,96.72081407136618,17.901749140490033
547200.0,6603.425817336657,0.0011404395795163464,96.71784637595462,17.936621798590725
550800.0,6586.489090228276,0.0024273637199186096,96.72571188472195,17.9809738305613
554400.0,6600.444410810956,0.0008122172590988377,96.717154252005,18.028224315860736
558000.0,6600.104080102435,0.001367841325082767,96.71688449543933,18.06331128101434
561600.0,6585.5705504477855,0.0025494981894277633,96.72282469378658,18.112577328517645
565200.0,6601.697362690493,0.0010674751915414871,96.71401140445488,18.158759677926174
568800.0,6596.437224507827,0.0015259801146756998,96.71678275688967,18.193925477242075
572400.0,6585.327780952011,0.002558067258149452,96.72363446401481,18.24322871840522
576000.0,6602.547763550441,0.0012559357509362111,96.71612101344263,18.285941415601005
579600.0,6592.499683791443,0.0016921172530848982,96.72157245443066,18.321468215769922
583200.0,6585.8409656510785,0.0024626584074249063,96.72529605042413,18.37185542670978
586800.0,6602.578430897653,0.001343161829134867,96.71763329222485,18.411770589104513
590400.0,6588.5673953369715,0.0018511959999700665,96.72473577914371,18.448883782348226
594000.0,6587.131333267946,0.0022769054293422498,96.72463315129937,18.500142471460027
597600.0,6601.647176019125,0.0013341881473752817,96.7147895574796,18.53892286227529
601200.0,6584.908753632087,0.001965778183579013,96.72181464841695,18.577303865694677
604800.0,6589.003973798081,0.0019786568517574194,96.71899293585477,18.628415062502395
608400.0,6599.7820186844565,0.0011256652606419083,96.71285319486657,18.664932456471664
612000.0,6581.921161780638,0.0019598241770917833,96.72368647236623,18.70659661955191
615600.0,6591.052916972971,0.0015774613767952862,96.7190991424188,18.756752456519013
619200.0,6596.879436323854,0.0008071245560434473,96.71772026104304,18.791452888621276
622800.0,6579.5986718712975,0.001836809917540376,96.72737607349387,18.83743471918673
626400.0,6592.905381302405,0.0011807275327075332,96.72110998328728,18.88671141733179
630000.0,6593.199856751333,0.00044929935157284756,96.72109431924561,18.92051401486171
633600.0,6578.22540543026,0.001615706088607655,96.72739527995475,18.968051146341754
637200.0,6594.360430407015,0.000796773492116723,96.71926513163247,19.014519868099196
640800.0,6588.788704874898,0.0003891244318771913,96.71919691880157,19.0474125596491
644400.0,6577.967098794371,0.0013211831665912133,96.72561099374094,19.098028580529647
648000.0,6595.2141989743095,0.00044006483187048547,96.71453062431996,19.143517706271744
651600.0,6584.3569841806575,0.0009028981372275736,96.71998117267677,19.1794402857604
655200.0,6578.720288999078,0.0009059574140071647,96.72255502945616,19.231803744449838
658800.0,6594.929233828517,0.0004242347608641875,96.71510064885025,19.271791205013095
662400.0,6579.80056737483,0.0014494987784453943,96.72438778738338,19.308988345394212
666000.0,6580.321173529111,0.00048238832390832235,96.72432875237295,19.36071749794688
669600.0,6593.447447763459,0.0006737536720954259,96.71832469820488,19.39775233806324
673200.0,6575.751601504621,0.001931085875162557,96.72725488161062,19.437854906935286
676800.0,6582.45211125148,0.0002829344999261492,96.72444872133316,19.489123330074435
680400.0,6590.720555469105,0.0009613637872573376,96.71869481861253,19.52414243923043
684000.0,6572.574512199105,0.002337612222790336,96.72661736419207,19.568828119206227
687600.0,6584.507786700506,0.0006446797475023208,96.71805134420148,19.618485454855882
691200.0,6586.610807423561,0.0012339902153518472,96.7155937119887,19.65079994959049
694800.0,6570.625682714303,0.0025458211663841415,96.72335969398422,19.69866111336634
698400.0,6586.280979958387,0.0009923083174967814,96.7169901772062,19.745324315581048
702000.0,6581.826701516385,0.0014592821417809463,96.71978468384516,19.77907000761711
705600.0,6570.044603102636,0.002584076585036141,96.72694001247399,19.829478252920907
709200.0,6587.23301278692,0.0012644656405167332,96.71900588208388,19.873135525754574
712800.0,6576.526107356362,0.0016669648376266702,96.72485346137655,19.909892955721013
716400.0,6570.670476476013,0.00243609705589547,96.72800302149092,19.962466634445455
720000.0,6586.857483967587,0.001348182025772266,96.71925929224977,20.001386848522202
723600.0,6571.204446155398,0.0018199858071288296,96.72516150242075,20.039562366369303
727200.0,6572.375322684903,0.0020962219253435528,96.72335726374762,20.09205182843437
730800.0,6584.697816742956,0.0011288779192171485,96.71559857246595,20.1289848801147
734400.0,6566.57921670574,0.0018382339991180384,96.72423414806016,20.172501105964013
738000.0,6574.583327747373,0.0015705872379865105,96.71950589500467,20.225054860964242
741600.0,6580.925720061617,0.000688287566806975,96.71677451614597,20.25934538424848
745200.0,6563.218815539775,0.0016970380731992228,96.72597081357114,20.305883404074226
748800.0,6576.700039063469,0.0009752419696093112,96.71984976832935,20.353950808277727
752400.0,6575.757496221962,0.0002564517455253659,96.72117127339716,20.387316882872547
756000.0,6561.377297445515,0.001454288215991721,96.72862388830787,20.43617239746733
759600.0,6578.14988014123,0.0004465803488898787,96.71991488853908,20.480849147706067
763200.0,6569.539072759251,0.000706531265815242,96.7241601368045,20.51564997587663
766800.0,6561.307526712828,0.0010387472218925465,96.72755793593366,20.566682319423066
770400.0,6578.009563717573,0.00036684419746382357,96.71749383648529,20.608637200194877
774000.0,6563.224703372722,0.0014187359117465823,96.72255561672586,20.646453002744362
777600.0,6562.535770265358,0.0005997891550694453,96.7212962760383,20.698550405897233
781200.0,6575.623789934389,0.0006782524556147326,96.7146875687384,20.734584675305182
784800.0,6557.493282061873,0.0020400296281993064,96.72365727286282,20.77676871740545
788400.0,6564.7460611054385,0.00043244089515574713,96.72147983973959,20.82825809856791
792000.0,6571.482514903096,0.0010089784572264286,96.71866569506538,20.863099674722637
795600.0,6553.254108700369,0.002479512949137002,96.72882594259863,20.909369650158684
799200.0,6566.914960000287,0.0008392023883822382,96.72190077200884,20.9589869673418
802800.0,6565.2967863939675,0.00129396058758709,96.7223325481934,20.99414140659633
806400.0,6551.069978046795,0.002607498134432212,96.72949626229381,21.043597904205892
810000.0,6568.052010111245,0.0011741769245683013,96.71848621589656,21.0871262646752
813600.0,6557.7222151853375,0.0015313402025060434,96.72313473527902,21.123050413370123
817200.0,6550.925240554553,0.0023563332528484704,96.72421473127112,21.176381113088347
820800.0,6566.679487915376,0.0011315192445195154,96.71465901508616,21.21750805717073
824400.0,6550.199940606422,0.0016390898382371481,96.72194671120506,21.257972554948292
828000.0,6552.304737945757,0.0018040771003318943,96.7212296526891,21.31117852499064
831600.0,6562.676824543463,0.0007593882342123949,96.71661085359798,21.346997427611992
835200.0,6543.691779945985,0.0016423098030213042,96.72636999761914,21.39129968381824
838800.0,6554.218322645645,0.0010485299570695517,96.72098585052449,21.441449601498714
842400.0,6555.738987794334,0.0001664270537738074,96.72023629486023,21.474991929605842
846000.0,6539.254872355795,0.0015031709782743195,96.72876607050067,21.523640965752286
849600.0,6555.185297749854,0.0003105282591495297,96.7192481272872,21.569520361256725
853200.0,6546.446091819029,0.0008014442895828338,96.72248093573913,21.605258476714734
856800.0,6537.448147195114,0.0010963735025955868,96.72459680577268,21.656631070369595
860400.0,6553.2761842481095,0.0004424026753402444,96.71453770362368,21.698162240534604
864000.0,6536.3386587826935,0.001707013757768099,96.7202719877001,21.737281957913712
867600.0,6537.434446774584,0.0006962612699681353,96.71926242236883,21.789844734865742
871200.0,6547.158702203694,0.0008244247567489688,96.71382014256808,21.82555028734813
874800.0,6526.943687119509,0.0023525099128377954,96.72405858893119,21.87054746493384
878400.0,6537.70105772093,0.0006822323686537062,96.71868305029524,21.921363807352506
882000.0,6536.458920555731,0.0010617869017803014,96.71888656023718,21.956556590639796
885600.0,6519.682678462645,0.002469550336903824,96.72693350293596,22.007564306330625
889200.0,6535.019344120053,0.0008934529088005591,96.71717797884197,22.05332770744051
892800.0,6521.056440995445,0.001285799768531165,96.72123988134737,22.09035823970846
896400.0,6513.702260835948,0.0019237614254053311,96.72254564778275,22.143444451869545
900000.0,6524.214242495697,0.0005647221770959076,96.71151827784335,22.181803515345774
903600.0,6499.754674124212,0.0016249535387246239,96.72051669179682,22.225069571314798
907200.0,6500.5488983575515,0.0007442457455886296,96.71219507686865,22.280165014074324
910800.0,6252.633363350515,0.03564895505771509,96.65051369254424,22.302256474286356
