Elapsed_s,Battery_Wh
0.0,1100.0
3600.0,1100.0
7200.0,1100.0
10800.0,1100.0
14400.0,1100.0
18000.0,1100.0
21600.0,1100.0
25200.0,1100.0
28800.0,1100.0
32400.0,1100.0
36000.0,1100.0
39600.0,1100.0
43200.0,1100.0
46800.0,1100.0
50400.0,1100.0
54000.0,1100.0
57600.0,1100.0
61200.0,1100.0
64800.0,1100.0
68400.0,1100.0
72000.0,1100.0
75600.0,1100.0
79200.0,1100.0
82800.0,1100.0
86400.0,1100.0
90000.0,1100.0
93600.0,1100.0
97200.0,1100.0
100800.0,1100.0
104400.0,1100.0
108000.0,1100.0
111600.0,1100.0
115200.0,1100.0
118800.0,1100.0
122400.0,1100.0
126000.0,1100.0
129600.0,1100.0
133200.0,1100.0
136800.0,1100.0
140400.0,1100.0
144000.0,1100.0
147600.0,1100.0
151200.0,1100.0
154800.0,1100.0
158400.0,1100.0
162000.0,1100.0
165600.0,1100.0
169200.0,1100.0
172800.0,1100.0
176400.0,1100.0
180000.0,1100.0
183600.0,1100.0
187200.0,1100.0
190800.0,1100.0
194400.0,1100.0
198000.0,1100.0
201600.0,1100.0
205200.0,1100.0
208800.0,1100.0
212400.0,1100.0
216000.0,1100.0
219600.0,1100.0
223200.0,1100.0
226800.0,1100.0
230400.0,1100.0
234000.0,1100.0
237600.0,1100.0
241200.0,1100.0
244800.0,1100.0
248400.0,1100.0
252000.0,1100.0
255600.0,1100.0
259200.0,1100.0
262800.0,1100.0
266400.0,1100.0
270000.0,1100.0
273600.0,1100.0
277200.0,1100.0
280800.0,1100.0
284400.0,1100.0
288000.0,1100.0
291600.0,1100.0
295200.0,1100.0
298800.0,1100.0
302400.0,1100.0
306000.0,1100.0
309600.0,1100.0
313200.0,1100.0
316800.0,1100.0
320400.0,1100.0
324000.0,1100.0
327600.0,1100.0
331200.0,1100.0
334800.0,1100.0
338400.0,1100.0
342000.0,1100.0
345600.0,1100.0
349200.0,1100.0
352800.0,1100.0
356400.0,1100.0
360000.0,1100.0
363600.0,1100.0
367200.0,1100.0
370800.0,1100.0
374400.0,1100.0
378000.0,1100.0
381600.0,1100.0
385200.0,1100.0
388800.0,1100.0
392400.0,1100.0
396000.0,1100.0
399600.0,1100.0
403200.0,1100.0
406800.0,1100.0
410400.0,1100.0
414000.0,1100.0
417600.0,1100.0
421200.0,1100.0
424800.0,1100.0
428400.0,1100.0
432000.0,1100.0
435600.0,1100.0
439200.0,1100.0
442800.0,1100.0
446400.0,1100.0
450000.0,1100.0
453600.0,1100.0
457200.0,1100.0
460800.0,1100.0
464400.0,1100.0
468000.0,1100.0
471600.0,1100.0
475200.0,1100.0
478800.0,1100.0
482400.0,1100.0
486000.0,1100.0
489600.0,1100.0
493200.0,1100.0
496800.0,1100.0
500400.0,1100.0
504000.0,1100.0
507600.0,1100.0
511200.0,1100.0
514800.0,1100.0
518400.0,1100.0
522000.0,1100.0
525600.0,1100.0
529200.0,1100.0
532800.0,1100.0
536400.0,1100.0
540000.0,1100.0
543600.0,1100.0
547200.0,1100.0
550800.0,1100.0
554400.0,1100.0
558000.0,1100.0
561600.0,1100.0
565200.0,1100.0
568800.0,1100.0
572400.0,1100.0
576000.0,1100.0
579600.0,1100.0
583200.0,1100.0
586800.0,1100.0
590400.0,1100.0
594000.0,1100.0
597600.0,1100.0
601200.0,1100.0
604800.0,1100.0
608400.0,1100.0
612000.0,1100.0
615600.0,1100.0
619200.0,1100.0
622800.0,1100.0
626400.0,1100.0
630000.0,1100.0
633600.0,1100.0
637200.0,1100.0
640800.0,1100.0
644400.0,1100.0
648000.0,1100.0
651600.0,1100.0
655200.0,1100.0
658800.0,1100.0
662400.0,1100.0
666000.0,1100.0
669600.0,1100.0
673200.0,1100.0
676800.0,1100.0
680400.0,1100.0
684000.0,1100.0
687600.0,1100.0
691200.0,1100.0
694800.0,1100.0
698400.0,1100.0
702000.0,1100.0
705600.0,1100.0
709200.0,1100.0
712800.0,1100.0
716400.0,1100.0
720000.0,1100.0
723600.0,1100.0
727200.0,1100.0
730800.0,1100.0
734400.0,1100.0
738000.0,1100.0
741600.0,1100.0
745200.0,1100.0
748800.0,1100.0
752400.0,1100.0
756000.0,1100.0
759600.0,1100.0
763200.0,1100.0
766800.0,1100.0
770400.0,1100.0
774000.0,1100.0
777600.0,1100.0
781200.0,1100.0
784800.0,1100.0
788400.0,1100.0
792000.0,1100.0
795600.0,1100.0
799200.0,1100.0
802800.0,1100.0
806400.0,1100.0
810000.0,1100.0
813600.0,1046.5526315789473
817200.0,1100.0
820800.0,1100.0
824400.0,1100.0
828000.0,1100.0
831600.0,1100.0
835200.0,1100.0
838800.0,1100.0
842400.0,1100.0
846000.0,1100.0
849600.0,1100.0
853200.0,1100.0
856800.0,1100.0
860400.0,1100.0
864000.0,1100.0
867600.0,1100.0
871200.0,1100.0
874800.0,1100.0
878400.0,783.3947368421052
882000.0,1100.0
885600.0,783.3947368421052
889200.0,1100.0
892800.0,783.3947368421052
896400.0,1100.0
900000.0,783.3947368421052
903600.0,1100.0
907200.0,783.3947368421052
910800.0,1100.0
914400.0,514.9736842105264
918000.0,928.2761842105264
921600.0,611.6709210526317
925200.0,558.2235526315791
928800.0,971.5260526315791
932400.0,654.9207894736844
936000.0,838.7232894736844
939600.0,522.1180263157896
943200.0,935.4205263157896
946800.0,618.8152631578948
950400.0,1032.1177631578948
954000.0,715.5125
957600.0,1100.0
961200.0,783.3947368421052
964800.0,1100.0
968400.0,783.3947368421052
972000.0,1100.0
975600.0,783.3947368421052
979200.0,1100.0
982800.0,783.3947368421052
986400.0,1100.0
990000.0,783.3947368421052
993600.0,1100.0
997200.0,783.3947368421052
1000800.0,1100.0
1004400.0,783.3947368421052
1008000.0,1100.0
1011600.0,783.3947368421052
1015200.0,1100.0
1018800.0,783.3947368421052
1022400.0,1100.0
1026000.0,783.3947368421052
1029600.0,1100.0
1033200.0,783.3947368421052
1036800.0,967.1972368421052
1040400.0,650.5919736842104
1044000.0,1063.8944736842104
1047600.0,478.8681578947368
1051200.0,892.1706578947368
1054800.0,575.5653947368421
1058400.0,988.8678947368421
1062000.0,672.2626315789473
1065600.0,1085.5651315789473
1069200.0,768.9598684210525
1072800.0,1100.0
1076400.0,783.3947368421052
1080000.0,1100.0
1083600.0,783.3947368421052
1087200.0,1100.0
1090800.0,783.3947368421052
1094400.0,1100.0
1098000.0,783.3947368421052
1101600.0,1100.0
1105200.0,783.3947368421052
1108800.0,1100.0
1112400.0,783.3947368421052
1116000.0,1100.0
1119600.0,783.3947368421052
1123200.0,1100.0
1126800.0,783.3947368421052
1130400.0,1100.0
1134000.0,783.3947368421052
1137600.0,1100.0
1141200.0,783.3947368421052
1144800.0,1100.0
1148400.0,783.3947368421052
1152000.0,1100.0
1155600.0,783.3947368421052
1159200.0,1100.0
1162800.0,783.3947368421052
1166400.0,1100.0
1170000.0,783.3947368421052
1173600.0,1100.0
1177200.0,783.3947368421052
1180800.0,1100.0
1184400.0,783.3947368421052
1188000.0,1100.0
1191600.0,783.3947368421052
1195200.0,1100.0
1198800.0,783.3947368421052
1202400.0,1100.0
1206000.0,783.3947368421052
1209600.0,1100.0
1213200.0,783.3947368421052
1216800.0,1100.0
1220400.0,783.3947368421052
1224000.0,1100.0
1227600.0,783.3947368421052
1231200.0,1100.0
1234800.0,783.3947368421052
1238400.0,1100.0
1242000.0,783.3947368421052
1245600.0,1100.0
1249200.0,783.3947368421052
1252800.0,1100.0
1256400.0,783.3947368421052
1260000.0,1100.0
1263600.0,783.3947368421052
1267200.0,1100.0
1270800.0,783.3947368421052
1274400.0,1100.0
1278000.0,783.3947368421052
1281600.0,1100.0
1285200.0,783.3947368421052
1288800.0,1100.0
1292400.0,783.3947368421052
1296000.0,1100.0
1299600.0,783.3947368421052
1303200.0,1100.0
1306800.0,783.3947368421052
1310400.0,1100.0
1314000.0,783.3947368421052
1317600.0,1100.0
1321200.0,783.3947368421052
1324800.0,1100.0
1328400.0,783.3947368421052
1332000.0,1100.0
1335600.0,783.3947368421052
1339200.0,1100.0
1342800.0,783.3947368421052
1346400.0,1100.0
1350000.0,783.3947368421052
1353600.0,1100.0
1357200.0,783.3947368421052
1360800.0,1100.0
1364400.0,783.3947368421052
1368000.0,1100.0
1371600.0,783.3947368421052
1375200.0,1100.0
1378800.0,783.3947368421052
1382400.0,1100.0
1386000.0,783.3947368421052
1389600.0,1100.0
1393200.0,783.3947368421052
1396800.0,1100.0
1400400.0,783.3947368421052
1404000.0,1100.0
1407600.0,783.3947368421052
1411200.0,1100.0
1414800.0,783.3947368421052
1418400.0,1100.0
1422000.0,783.3947368421052
1425600.0,1100.0
1429200.0,783.3947368421052
1432800.0,1100.0
1436400.0,783.3947368421052
1440000.0,1100.0
1443600.0,783.3947368421052
1447200.0,1100.0
1450800.0,783.3947368421052
1454400.0,1100.0
1458000.0,783.3947368421052
1461600.0,1100.0
1465200.0,783.3947368421052
1468800.0,1100.0
1472400.0,783.3947368421052
1476000.0,1100.0
1479600.0,783.3947368421052
1483200.0,1100.0
1486800.0,783.3947368421052
1490400.0,1100.0
1494000.0,783.3947368421052
1497600.0,1100.0
1501200.0,783.3947368421052
1504800.0,1100.0
1508400.0,783.3947368421052
1512000.0,1100.0
1515600.0,783.3947368421052
1519200.0,1100.0
1522800.0,783.3947368421052
1526400.0,1100.0
1530000.0,783.3947368421052
1533600.0,1100.0
1537200.0,1100.0
1540800.0,1100.0
1544400.0,1100.0
1548000.0,1100.0
1551600.0,1100.0
1555200.0,1100.0
1558800.0,1100.0
1562400.0,1100.0
1566000.0,1100.0
1569600.0,1100.0
1573200.0,1100.0
1576800.0,1100.0
1580400.0,1100.0
1584000.0,1100.0
1587600.0,1100.0
1591200.0,1100.0
1594800.0,1100.0
1598400.0,1100.0
1602000.0,1100.0
1605600.0,1100.0
1609200.0,1100.0
1612800.0,1100.0
1616400.0,1100.0
1620000.0,1100.0
1623600.0,1100.0
1627200.0,1100.0
1630800.0,1100.0
1634400.0,1100.0
1638000.0,1100.0
1641600.0,1100.0
1645200.0,1100.0
1648800.0,1100.0
1652400.0,1100.0
1656000.0,1100.0
1659600.0,1100.0
1663200.0,1100.0
1666800.0,1100.0
1670400.0,1100.0
1674000.0,1100.0
1677600.0,1100.0
1681200.0,1100.0
1684800.0,1100.0
1688400.0,1100.0
1692000.0,1100.0
1695600.0,1100.0
1699200.0,1100.0
1702800.0,1100.0
1706400.0,1100.0
1710000.0,1100.0
1713600.0,1100.0
1717200.0,1100.0
1720800.0,1100.0
1724400.0,1100.0
1728000.0,1100.0
1731600.0,1100.0
1735200.0,1100.0
1738800.0,1100.0
1742400.0,1100.0
1746000.0,1100.0
1749600.0,1100.0
1753200.0,1100.0
1756800.0,1100.0
1760400.0,1100.0
1764000.0,1100.0
1767600.0,1100.0
1771200.0,1100.0
1774800.0,1100.0
1778400.0,1100.0
1782000.0,1100.0
1785600.0,1100.0
1789200.0,1100.0
1792800.0,1100.0
1796400.0,1100.0
1800000.0,1100.0
1803600.0,1100.0
1807200.0,1100.0
1810800.0,1100.0
1814400.0,1100.0
1818000.0,1100.0
1821600.0,1100.0
1825200.0,1100.0
1828800.0,1100.0
1832400.0,1100.0
1836000.0,1100.0
1839600.0,1100.0
1843200.0,1100.0
1846800.0,1100.0
1850400.0,1100.0
1854000.0,1100.0
1857600.0,1100.0
1861200.0,1100.0
1864800.0,1100.0
1868400.0,1100.0
1872000.0,1100.0
1875600.0,1100.0
1879200.0,1100.0
1882800.0,1100.0
1886400.0,1100.0
1890000.0,1100.0
1893600.0,1100.0
1897200.0,1100.0
1900800.0,1100.0
1904400.0,1100.0
1908000.0,1100.0
1911600.0,1100.0
1915200.0,1100.0
1918800.0,1100.0
1922400.0,1100.0
1926000.0,1100.0
1929600.0,1100.0
1933200.0,1100.0
1936800.0,1100.0
1940400.0,1100.0
1944000.0,1100.0
1947600.0,1100.0
1951200.0,1100.0
1954800.0,1100.0
1958400.0,1100.0
1962000.0,1100.0
1965600.0,1100.0
1969200.0,1100.0
1972800.0,1100.0
1976400.0,1100.0
1980000.0,1100.0
1983600.0,1100.0
1987200.0,1100.0
1990800.0,1100.0
1994400.0,1100.0
1998000.0,1100.0
2001600.0,1100.0
2005200.0,1100.0
2008800.0,1100.0
2012400.0,1100.0
2016000.0,1100.0
2019600.0,1100.0
2023200.0,1100.0
2026800.0,1100.0
2030400.0,1100.0
2034000.0,1100.0
2037600.0,1100.0
2041200.0,1100.0
2044800.0,1100.0
2048400.0,1100.0
2052000.0,1100.0
2055600.0,1100.0
2059200.0,1100.0
2062800.0,1100.0
2066400.0,1100.0
2070000.0,1100.0
2073600.0,1100.0
2077200.0,1100.0
2080800.0,1100.0
2084400.0,1100.0
2088000.0,1100.0
2091600.0,1100.0
2095200.0,1100.0
2098800.0,1100.0
2102400.0,1100.0
2106000.0,1100.0
2109600.0,1100.0
2113200.0,1100.0
2116800.0,1100.0
2120400.0,1100.0
2124000.0,1100.0
2127600.0,1100.0
2131200.0,1100.0
2134800.0,1100.0
2138400.0,1100.0
2142000.0,1100.0
2145600.0,1100.0
2149200.0,1100.0
2152800.0,1100.0
2156400.0,1100.0
2160000.0,1100.0
2163600.0,1100.0
2167200.0,1100.0
2170800.0,1100.0
2174400.0,1100.0
2178000.0,1100.0
2181600.0,1100.0
2185200.0,1100.0
2188800.0,1100.0
2192400.0,1100.0
2196000.0,1100.0
2199600.0,1100.0
2203200.0,1100.0
2206800.0,1100.0
2210400.0,1100.0
2214000.0,1100.0
2217600.0,1100.0
2221200.0,1100.0
2224800.0,1100.0
2228400.0,1100.0
2232000.0,1100.0
2235600.0,1100.0
2239200.0,1100.0
2242800.0,1100.0
2246400.0,1100.0
2250000.0,1100.0
2253600.0,1100.0
2257200.0,1100.0
2260800.0,1100.0
2264400.0,783.3947368421052
2268000.0,1100.0
2271600.0,783.3947368421052
2275200.0,1100.0
2278800.0,783.3947368421052
2282400.0,1100.0
2286000.0,783.3947368421052
2289600.0,1100.0
2293200.0,783.3947368421052
2296800.0,1100.0
2300400.0,783.3947368421052
2304000.0,1100.0
2307600.0,783.3947368421052
2311200.0,1100.0
2314800.0,783.3947368421052
2318400.0,1100.0
2322000.0,783.3947368421052
2325600.0,1100.0
2329200.0,783.3947368421052
2332800.0,1100.0
2336400.0,783.3947368421052
2340000.0,1100.0
2343600.0,783.3947368421052
2347200.0,1100.0
2350800.0,783.3947368421052
2354400.0,1100.0
2358000.0,783.3947368421052
2361600.0,1100.0
2365200.0,783.3947368421052
2368800.0,1100.0
2372400.0,783.3947368421052
2376000.0,1100.0
2379600.0,783.3947368421052
2383200.0,1100.0
2386800.0,783.3947368421052
2390400.0,1100.0
2394000.0,783.3947368421052
2397600.0,1100.0
2401200.0,783.3947368421052
2404800.0,1100.0
2408400.0,783.3947368421052
2412000.0,1100.0
2415600.0,783.3947368421052
2419200.0,1100.0
2422800.0,783.3947368421052
2426400.0,1100.0
2430000.0,783.3947368421052
2433600.0,1100.0
2437200.0,783.3947368421052
2440800.0,1100.0
2444400.0,783.3947368421052
2448000.0,1100.0
2451600.0,783.3947368421052
2455200.0,1100.0
2458800.0,783.3947368421052
2462400.0,1100.0
2466000.0,783.3947368421052
2469600.0,1100.0
2473200.0,783.3947368421052
2476800.0,1100.0
2480400.0,783.3947368421052
2484000.0,1100.0
2487600.0,783.3947368421052
2491200.0,1100.0
2494800.0,783.3947368421052
2498400.0,1100.0
2502000.0,783.3947368421052
2505600.0,1100.0
2509200.0,783.3947368421052
2512800.0,1100.0
2516400.0,783.3947368421052
2520000.0,1100.0
2523600.0,783.3947368421052
2527200.0,1100.0
2530800.0,783.3947368421052
2534400.0,1100.0
2538000.0,783.3947368421052
2541600.0,1100.0
2545200.0,783.3947368421052
2548800.0,1100.0
2552400.0,783.3947368421052
2556000.0,1100.0
2559600.0,783.3947368421052
2563200.0,1100.0
2566800.0,783.3947368421052
2570400.0,1100.0
2574000.0,783.3947368421052
2577600.0,1100.0
2581200.0,783.3947368421052
2584800.0,1100.0
2588400.0,783.3947368421052
2592000.0,1100.0
2595600.0,783.3947368421052
2599200.0,1100.0
2602800.0,783.3947368421052
2606400.0,1100.0
2610000.0,783.3947368421052
2613600.0,1100.0
2617200.0,783.3947368421052
2620800.0,1100.0
2624400.0,783.3947368421052
2628000.0,1100.0
2631600.0,783.3947368421052
2635200.0,1100.0
2638800.0,783.3947368421052
2642400.0,1100.0
2646000.0,783.3947368421052
2649600.0,1100.0
2653200.0,783.3947368421052
2656800.0,1100.0
2660400.0,783.3947368421052
2664000.0,1100.0
2667600.0,783.3947368421052
2671200.0,1100.0
2674800.0,783.3947368421052
2678400.0,1100.0
2682000.0,783.3947368421052
2685600.0,1100.0
2689200.0,783.3947368421052
2692800.0,1100.0
2696400.0,783.3947368421052
2700000.0,1100.0
2703600.0,783.3947368421052
2707200.0,1100.0
2710800.0,783.3947368421052
2714400.0,1100.0
2718000.0,783.3947368421052
2721600.0,1100.0
2725200.0,783.3947368421052
2728800.0,1100.0
2732400.0,783.3947368421052
2736000.0,1100.0
2739600.0,783.3947368421052
2743200.0,1100.0
2746800.0,783.3947368421052
2750400.0,1100.0
2754000.0,783.3947368421052
2757600.0,1100.0
2761200.0,783.3947368421052
2764800.0,1100.0
2768400.0,783.3947368421052
2772000.0,1100.0
2775600.0,783.3947368421052
2779200.0,1100.0
2782800.0,783.3947368421052
2786400.0,1100.0
2790000.0,783.3947368421052
2793600.0,1100.0
2797200.0,783.3947368421052
2800800.0,1100.0
2804400.0,783.3947368421052
2808000.0,1100.0
2811600.0,783.3947368421052
2815200.0,1100.0
2818800.0,783.3947368421052
2822400.0,1100.0
2826000.0,783.3947368421052
2829600.0,1100.0
2833200.0,783.3947368421052
2836800.0,1100.0
2840400.0,783.3947368421052
2844000.0,1100.0
2847600.0,783.3947368421052
2851200.0,1100.0
2854800.0,783.3947368421052
2858400.0,1100.0
2862000.0,783.3947368421052
2865600.0,1100.0
2869200.0,783.3947368421052
2872800.0,1100.0
2876400.0,783.3947368421052
2880000.0,1100.0
2883600.0,783.3947368421052
2887200.0,1100.0
2890800.0,783.3947368421052
2894400.0,1100.0
2898000.0,783.3947368421052
2901600.0,1100.0
2905200.0,783.3947368421052
2908800.0,1100.0
2912400.0,783.3947368421052
2916000.0,1100.0
2919600.0,783.3947368421052
2923200.0,1100.0
2926800.0,783.3947368421052
2930400.0,1100.0
2934000.0,783.3947368421052
2937600.0,1100.0
2941200.0,783.3947368421052
2944800.0,1100.0
2948400.0,783.3947368421052
2952000.0,1100.0
2955600.0,783.3947368421052
2959200.0,1100.0
2962800.0,783.3947368421052
2966400.0,1100.0
2970000.0,783.3947368421052
2973600.0,1100.0
2977200.0,783.3947368421052
2980800.0,1100.0
2984400.0,783.3947368421052
2988000.0,1100.0
2991600.0,783.3947368421052
2995200.0,1100.0
2998800.0,783.3947368421052
3002400.0,1100.0
3006000.0,783.3947368421052
3009600.0,1100.0
3013200.0,783.3947368421052
3016800.0,1100.0
3020400.0,783.3947368421052
3024000.0,1100.0
3027600.0,783.3947368421052
3031200.0,1100.0
3034800.0,783.3947368421052
3038400.0,1100.0
3042000.0,783.3947368421052
3045600.0,1100.0
3049200.0,783.3947368421052
3052800.0,1100.0
3056400.0,783.3947368421052
3060000.0,1100.0
3063600.0,783.3947368421052
3067200.0,1100.0
3070800.0,783.3947368421052
3074400.0,1100.0
3078000.0,783.3947368421052
3081600.0,1100.0
3085200.0,783.3947368421052
3088800.0,1100.0
3092400.0,783.3947368421052
3096000.0,1100.0
3099600.0,783.3947368421052
3103200.0,1100.0
3106800.0,783.3947368421052
3110400.0,1100.0
3114000.0,783.3947368421052
3117600.0,1100.0
3121200.0,783.3947368421052
3124800.0,1100.0
3128400.0,783.3947368421052
3132000.0,1100.0
3135600.0,783.3947368421052
3139200.0,1100.0
3142800.0,783.3947368421052
3146400.0,1100.0
3150000.0,783.3947368421052
3153600.0,1100.0
3157200.0,783.3947368421052
3160800.0,1100.0
3164400.0,783.3947368421052
3168000.0,1100.0
3171600.0,783.3947368421052
3175200.0,1100.0
3178800.0,783.3947368421052
3182400.0,1100.0
3186000.0,783.3947368421052
3189600.0,1100.0
3193200.0,783.3947368421052
3196800.0,1100.0
3200400.0,783.3947368421052
3204000.0,1100.0
3207600.0,783.3947368421052
3211200.0,1100.0
3214800.0,783.3947368421052
3218400.0,1100.0
3222000.0,783.3947368421052
3225600.0,1100.0
3229200.0,783.3947368421052
3232800.0,1100.0
3236400.0,783.3947368421052
3240000.0,1100.0
3243600.0,783.3947368421052
3247200.0,1100.0
3250800.0,1100.0
3254400.0,1100.0
3258000.0,1100.0
3261600.0,1100.0
3265200.0,1100.0
3268800.0,1100.0
3272400.0,1100.0
3276000.0,1100.0
3279600.0,1100.0
3283200.0,1100.0
3286800.0,1100.0
3290400.0,1100.0
3294000.0,1100.0
3297600.0,1100.0
3301200.0,1100.0
3304800.0,1100.0
3308400.0,1100.0
3312000.0,1100.0
3315600.0,1100.0
3319200.0,1100.0
3322800.0,1100.0
3326400.0,1100.0
3330000.0,1100.0
3333600.0,1100.0
3337200.0,1100.0
3340800.0,1100.0
3344400.0,1100.0
3348000.0,1100.0
3351600.0,1100.0
3355200.0,1100.0
3358800.0,1100.0
3362400.0,1100.0
3366000.0,1100.0
3369600.0,1100.0
3373200.0,1100.0
3376800.0,1100.0
3380400.0,1100.0
3384000.0,1100.0
3387600.0,1100.0
3391200.0,1100.0
3394800.0,1100.0
3398400.0,1100.0
3402000.0,1100.0
3405600.0,1100.0
3409200.0,1100.0
3412800.0,1100.0
3416400.0,1100.0
3420000.0,1100.0
3423600.0,1100.0
3427200.0,1100.0
3430800.0,1100.0
3434400.0,1100.0
3438000.0,1100.0
3441600.0,1100.0
3445200.0,1100.0
3448800.0,1100.0
3452400.0,1100.0
3456000.0,1100.0
3459600.0,1100.0
3463200.0,1100.0
3466800.0,1100.0
3470400.0,1100.0
3474000.0,1100.0
3477600.0,1100.0
3481200.0,1100.0
3484800.0,1100.0
3488400.0,1100.0
3492000.0,1100.0
3495600.0,1100.0
3499200.0,1100.0
3502800.0,1100.0
3506400.0,1100.0
3510000.0,1100.0
3513600.0,1100.0
3517200.0,1100.0
3520800.0,1100.0
3524400.0,1100.0
3528000.0,1100.0
3531600.0,1100.0
3535200.0,1100.0
3538800.0,1100.0
3542400.0,1100.0
3546000.0,1100.0
3549600.0,1100.0
3553200.0,1100.0
3556800.0,1100.0
3560400.0,1100.0
3564000.0,1100.0
3567600.0,1100.0
3571200.0,1100.0
3574800.0,1100.0
3578400.0,1100.0
3582000.0,1100.0
3585600.0,1100.0
3589200.0,1100.0
3592800.0,1100.0
3596400.0,1100.0
3600000.0,1100.0
3603600.0,1100.0
3607200.0,1100.0
3610800.0,1100.0
3614400.0,1100.0
3618000.0,1100.0
3621600.0,1100.0
3625200.0,1100.0
3628800.0,1100.0
3632400.0,1100.0
3636000.0,1100.0
3639600.0,1100.0
3643200.0,1100.0
3646800.0,1100.0
3650400.0,1100.0
3654000.0,1100.0
3657600.0,1100.0
3661200.0,1100.0
3664800.0,1100.0
3668400.0,1100.0
3672000.0,1100.0
3675600.0,1100.0
3679200.0,1100.0
3682800.0,1100.0
3686400.0,1100.0
3690000.0,1100.0
3693600.0,1100.0
3697200.0,1100.0
3700800.0,1100.0
3704400.0,1100.0
3708000.0,1100.0
3711600.0,1100.0
3715200.0,1100.0
3718800.0,1100.0
3722400.0,1100.0
3726000.0,1100.0
3729600.0,1100.0
3733200.0,1100.0
3736800.0,1100.0
3740400.0,1100.0
3744000.0,1100.0
3747600.0,1100.0
3751200.0,1100.0
3754800.0,1100.0
3758400.0,1100.0
3762000.0,1100.0
3765600.0,1100.0
3769200.0,783.3947368421052
3772800.0,1100.0
3776400.0,783.3947368421052
3780000.0,1100.0
3783600.0,783.3947368421052
3787200.0,1100.0
3790800.0,783.3947368421052
3794400.0,1100.0
3798000.0,783.3947368421052
3801600.0,1100.0
3805200.0,783.3947368421052
3808800.0,1100.0
3812400.0,783.3947368421052
3816000.0,1100.0
3819600.0,783.3947368421052
3823200.0,1100.0
3826800.0,783.3947368421052
3830400.0,1100.0
3834000.0,783.3947368421052
3837600.0,1100.0
3841200.0,783.3947368421052
3844800.0,1100.0
3848400.0,783.3947368421052
3852000.0,1100.0
3855600.0,783.3947368421052
3859200.0,1100.0
3862800.0,783.3947368421052
3866400.0,1100.0
3870000.0,783.3947368421052
3873600.0,1100.0
3877200.0,783.3947368421052
3880800.0,1100.0
3884400.0,783.3947368421052
3888000.0,1100.0
3891600.0,783.3947368421052
3895200.0,1100.0
3898800.0,783.3947368421052
3902400.0,1100.0
3906000.0,783.3947368421052
3909600.0,1100.0
3913200.0,783.3947368421052
3916800.0,1100.0
3920400.0,783.3947368421052
3924000.0,1100.0
3927600.0,783.3947368421052
3931200.0,1100.0
3934800.0,783.3947368421052
3938400.0,1100.0
3942000.0,783.3947368421052
3945600.0,1100.0
3949200.0,783.3947368421052
3952800.0,1100.0
3956400.0,783.3947368421052
3960000.0,1100.0
3963600.0,783.3947368421052
3967200.0,1100.0
3970800.0,783.3947368421052
3974400.0,1100.0
3978000.0,783.3947368421052
3981600.0,1100.0
3985200.0,783.3947368421052
3988800.0,1100.0
3992400.0,783.3947368421052
3996000.0,1100.0
3999600.0,783.3947368421052
4003200.0,1100.0
4006800.0,783.3947368421052
4010400.0,1100.0
4014000.0,783.3947368421052
4017600.0,1100.0
4021200.0,783.3947368421052
4024800.0,1100.0
4028400.0,783.3947368421052
4032000.0,1100.0
4035600.0,783.3947368421052
4039200.0,1100.0
4042800.0,783.3947368421052
4046400.0,1100.0
4050000.0,783.3947368421052
4053600.0,1100.0
4057200.0,783.3947368421052
4060800.0,1100.0
4064400.0,783.3947368421052
4068000.0,1100.0
4071600.0,783.3947368421052
4075200.0,1100.0
4078800.0,783.3947368421052
4082400.0,1100.0
4086000.0,783.3947368421052
4089600.0,1100.0
4093200.0,783.3947368421052
4096800.0,1100.0
4100400.0,783.3947368421052
4104000.0,1100.0
4107600.0,783.3947368421052
4111200.0,1100.0
4114800.0,783.3947368421052
4118400.0,1100.0
4122000.0,783.3947368421052
4125600.0,1100.0
4129200.0,783.3947368421052
4132800.0,1100.0
4136400.0,783.3947368421052
4140000.0,1100.0
4143600.0,783.3947368421052
4147200.0,1100.0
4150800.0,783.3947368421052
4154400.0,1100.0
4158000.0,783.3947368421052
4161600.0,1100.0
4165200.0,783.3947368421052
4168800.0,1100.0
4172400.0,783.3947368421052
4176000.0,1100.0
4179600.0,783.3947368421052
4183200.0,1100.0
4186800.0,783.3947368421052
4190400.0,1100.0
4194000.0,783.3947368421052
4197600.0,1100.0
4201200.0,783.3947368421052
4204800.0,1100.0
4208400.0,783.3947368421052
4212000.0,1100.0
4215600.0,783.3947368421052
4219200.0,1100.0
4222800.0,783.3947368421052
4226400.0,1100.0
4230000.0,783.3947368421052
4233600.0,1100.0
4237200.0,783.3947368421052
4240800.0,1100.0
4244400.0,783.3947368421052
4248000.0,1100.0
4251600.0,783.3947368421052
4255200.0,1100.0
4258800.0,783.3947368421052
4262400.0,1100.0
4266000.0,783.3947368421052
4269600.0,1100.0
4273200.0,783.3947368421052
4276800.0,1100.0
4280400.0,783.3947368421052
4284000.0,1100.0
4287600.0,783.3947368421052
4291200.0,1100.0
4294800.0,783.3947368421052
4298400.0,1100.0
4302000.0,783.3947368421052
4305600.0,1100.0
4309200.0,783.3947368421052
4312800.0,1100.0
4316400.0,783.3947368421052
4320000.0,1100.0
4323600.0,783.3947368421052
4327200.0,1100.0
4330800.0,783.3947368421052
4334400.0,1100.0
4338000.0,783.3947368421052
4341600.0,1100.0
4345200.0,783.3947368421052
4348800.0,1100.0
4352400.0,783.3947368421052
4356000.0,1100.0
4359600.0,783.3947368421052
4363200.0,1100.0
4366800.0,783.3947368421052
4370400.0,1100.0
4374000.0,783.3947368421052
4377600.0,1100.0
4381200.0,783.3947368421052
4384800.0,1100.0
4388400.0,783.3947368421052
4392000.0,1100.0
4395600.0,1100.0
4399200.0,1100.0
4402800.0,1100.0
4406400.0,1100.0
4410000.0,1100.0
4413600.0,1100.0
4417200.0,1100.0
4420800.0,1100.0
4424400.0,1100.0
4428000.0,1100.0
4431600.0,1100.0
4435200.0,1100.0
4438800.0,1100.0
4442400.0,1100.0
4446000.0,1100.0
4449600.0,1100.0
4453200.0,1100.0
4456800.0,1100.0
4460400.0,1100.0
4464000.0,1100.0
4467600.0,1100.0
4471200.0,1100.0
4474800.0,1100.0
4478400.0,1100.0
4482000.0,1100.0
4485600.0,1100.0
4489200.0,1100.0
4492800.0,1100.0
4496400.0,1100.0
4500000.0,1100.0
4503600.0,1100.0
4507200.0,1100.0
4510800.0,1100.0
4514400.0,1100.0
4518000.0,1100.0
4521600.0,1100.0
4525200.0,1100.0
4528800.0,1100.0
4532400.0,1100.0
4536000.0,1100.0
4539600.0,1100.0
4543200.0,1100.0
4546800.0,1100.0
4550400.0,1100.0
4554000.0,1100.0
4557600.0,1100.0
4561200.0,1100.0
4564800.0,1100.0
4568400.0,1100.0
4572000.0,1100.0
4575600.0,1100.0
4579200.0,1100.0
4582800.0,1100.0
4586400.0,1100.0
4590000.0,1100.0
4593600.0,1100.0
4597200.0,1100.0
4600800.0,1100.0
4604400.0,1100.0
4608000.0,1100.0
4611600.0,1100.0
4615200.0,1100.0
4618800.0,1100.0
4622400.0,1100.0
4626000.0,1100.0
4629600.0,1100.0
4633200.0,1100.0
4636800.0,1100.0
4640400.0,1100.0
4644000.0,1100.0
4647600.0,1100.0
4651200.0,1100.0
4654800.0,1100.0
4658400.0,1100.0
4662000.0,1100.0
4665600.0,1100.0
4669200.0,1100.0
4672800.0,1100.0
4676400.0,1100.0
4680000.0,1100.0
4683600.0,1100.0
4687200.0,1100.0
4690800.0,1100.0
4694400.0,1100.0
4698000.0,1100.0
4701600.0,1100.0
4705200.0,1100.0
4708800.0,1100.0
4712400.0,1100.0
4716000.0,1100.0
4719600.0,1100.0
4723200.0,1100.0
4726800.0,1100.0
4730400.0,1100.0
4734000.0,1100.0
4737600.0,1100.0
4741200.0,1100.0
4744800.0,1100.0
4748400.0,1100.0
4752000.0,1100.0
4755600.0,1100.0
4759200.0,1100.0
4762800.0,1100.0
4766400.0,1100.0
4770000.0,1100.0
4773600.0,1100.0
4777200.0,1100.0
4780800.0,1100.0
4784400.0,1100.0
4788000.0,1100.0
4791600.0,1100.0
4795200.0,1100.0
4798800.0,1100.0
4802400.0,1100.0
4806000.0,1100.0
4809600.0,1100.0
4813200.0,1100.0
4816800.0,1100.0
4820400.0,1100.0
4824000.0,1100.0
4827600.0,1100.0
4831200.0,1100.0
4834800.0,1100.0
4838400.0,1100.0
4842000.0,1100.0
4845600.0,1100.0
4849200.0,1100.0
4852800.0,1100.0
4856400.0,1100.0
4860000.0,1100.0
4863600.0,1100.0
4867200.0,1100.0
4870800.0,1100.0
4874400.0,1100.0
4878000.0,1100.0
4881600.0,1100.0
4885200.0,1100.0
4888800.0,1100.0
4892400.0,1100.0
4896000.0,1100.0
4899600.0,1100.0
4903200.0,1100.0
4906800.0,1100.0
4910400.0,1100.0
4914000.0,1100.0
4917600.0,1100.0
4921200.0,1100.0
4924800.0,1100.0
4928400.0,1100.0
4932000.0,1100.0
4935600.0,1100.0
4939200.0,1100.0
4942800.0,1100.0
4946400.0,1100.0
4950000.0,1100.0
4953600.0,1100.0
4957200.0,1100.0
4960800.0,1100.0
4964400.0,1100.0
4968000.0,1100.0
4971600.0,1100.0
4975200.0,1100.0
4978800.0,1100.0
4982400.0,1100.0
4986000.0,783.3947368421052
4989600.0,1100.0
4993200.0,783.3947368421052
4996800.0,1100.0
5000400.0,783.3947368421052
5004000.0,1100.0
5007600.0,783.3947368421052
5011200.0,1100.0
5014800.0,783.3947368421052
5018400.0,1100.0
5022000.0,783.3947368421052
5025600.0,1100.0
5029200.0,783.3947368421052
5032800.0,1100.0
5036400.0,783.3947368421052
5040000.0,1100.0
5043600.0,783.3947368421052
5047200.0,1100.0
5050800.0,783.3947368421052
5054400.0,1100.0
5058000.0,783.3947368421052
5061600.0,1100.0
5065200.0,783.3947368421052
5068800.0,1100.0
5072400.0,783.3947368421052
5076000.0,1100.0
5079600.0,783.3947368421052
5083200.0,1100.0
5086800.0,783.3947368421052
5090400.0,1100.0
5094000.0,783.3947368421052
5097600.0,1100.0
5101200.0,783.3947368421052
5104800.0,1100.0
5108400.0,783.3947368421052
5112000.0,1100.0
5115600.0,783.3947368421052
5119200.0,1100.0
5122800.0,783.3947368421052
5126400.0,1100.0
5130000.0,783.3947368421052
5133600.0,1100.0
5137200.0,783.3947368421052
5140800.0,1100.0
5144400.0,783.3947368421052
5148000.0,1100.0
5151600.0,783.3947368421052
5155200.0,1100.0
5158800.0,783.3947368421052
5162400.0,1100.0
5166000.0,783.3947368421052
5169600.0,1100.0
5173200.0,783.3947368421052
5176800.0,1100.0
5180400.0,783.3947368421052
5184000.0,1100.0
5187600.0,783.3947368421052
5191200.0,1100.0
5194800.0,783.3947368421052
5198400.0,1100.0
5202000.0,783.3947368421052
5205600.0,1100.0
5209200.0,783.3947368421052
5212800.0,1100.0
5216400.0,783.3947368421052
5220000.0,1100.0
5223600.0,783.3947368421052
5227200.0,1100.0
5230800.0,783.3947368421052
5234400.0,1100.0
5238000.0,783.3947368421052
5241600.0,1100.0
5245200.0,783.3947368421052
5248800.0,1100.0
5252400.0,783.3947368421052
5256000.0,1100.0
5259600.0,783.3947368421052
5263200.0,1100.0
5266800.0,783.3947368421052
5270400.0,1100.0
5274000.0,783.3947368421052
5277600.0,1100.0
5281200.0,783.3947368421052
5284800.0,1100.0
5288400.0,783.3947368421052
5292000.0,1100.0
5295600.0,783.3947368421052
5299200.0,1100.0
5302800.0,783.3947368421052
5306400.0,1100.0
5310000.0,783.3947368421052
5313600.0,1100.0
5317200.0,783.3947368421052
5320800.0,1100.0
5324400.0,783.3947368421052
5328000.0,1100.0
5331600.0,783.3947368421052
5335200.0,1100.0
5338800.0,783.3947368421052
5342400.0,1100.0
5346000.0,783.3947368421052
5349600.0,1100.0
5353200.0,783.3947368421052
5356800.0,1100.0
5360400.0,783.3947368421052
5364000.0,1100.0
5367600.0,783.3947368421052
5371200.0,1100.0
5374800.0,783.3947368421052
5378400.0,1100.0
5382000.0,783.3947368421052
5385600.0,1100.0
5389200.0,783.3947368421052
5392800.0,1100.0
5396400.0,783.3947368421052
5400000.0,1100.0
5403600.0,783.3947368421052
5407200.0,1100.0
5410800.0,783.3947368421052
5414400.0,1100.0
5418000.0,783.3947368421052
5421600.0,1100.0
5425200.0,783.3947368421052
5428800.0,1100.0
5432400.0,783.3947368421052
5436000.0,1100.0
5439600.0,783.3947368421052
5443200.0,1100.0
5446800.0,783.3947368421052
5450400.0,1100.0
5454000.0,783.3947368421052
5457600.0,1100.0
5461200.0,783.3947368421052
5464800.0,1100.0
5468400.0,783.3947368421052
5472000.0,1100.0
5475600.0,783.3947368421052
5479200.0,1100.0
5482800.0,783.3947368421052
5486400.0,1100.0
5490000.0,783.3947368421052
5493600.0,1100.0
5497200.0,783.3947368421052
5500800.0,1100.0
5504400.0,783.3947368421052
5508000.0,1100.0
5511600.0,783.3947368421052
5515200.0,1100.0
5518800.0,783.3947368421052
5522400.0,1100.0
5526000.0,783.3947368421052
5529600.0,1100.0
5533200.0,783.3947368421052
5536800.0,1100.0
5540400.0,783.3947368421052
5544000.0,1100.0
5547600.0,783.3947368421052
5551200.0,1100.0
5554800.0,783.3947368421052
5558400.0,1100.0
5562000.0,783.3947368421052
5565600.0,1100.0
5569200.0,783.3947368421052
5572800.0,1100.0
5576400.0,783.3947368421052
5580000.0,1100.0
5583600.0,783.3947368421052
5587200.0,1100.0
5590800.0,783.3947368421052
5594400.0,1100.0
5598000.0,783.3947368421052
5601600.0,1100.0
5605200.0,783.3947368421052
5608800.0,1100.0
5612400.0,783.3947368421052
5616000.0,1100.0
5619600.0,783.3947368421052
5623200.0,1100.0
5626800.0,783.3947368421052
5630400.0,1100.0
5634000.0,783.3947368421052
5637600.0,1100.0
5641200.0,783.3947368421052
5644800.0,1100.0
5648400.0,783.3947368421052
5652000.0,1100.0
5655600.0,783.3947368421052
5659200.0,1100.0
5662800.0,783.3947368421052
5666400.0,1100.0
5670000.0,783.3947368421052
5673600.0,1100.0
5677200.0,783.3947368421052
5680800.0,1100.0
5684400.0,783.3947368421052
5688000.0,1100.0
5691600.0,783.3947368421052
5695200.0,1100.0
5698800.0,783.3947368421052
5702400.0,1100.0
5706000.0,783.3947368421052
5709600.0,1100.0
5713200.0,783.3947368421052
5716800.0,1100.0
5720400.0,783.3947368421052
5724000.0,1100.0
5727600.0,783.3947368421052
5731200.0,1100.0
5734800.0,1100.0
5738400.0,1100.0
5742000.0,1100.0
5745600.0,1100.0
5749200.0,1100.0
5752800.0,1100.0
5756400.0,1100.0
5760000.0,1100.0
5763600.0,1100.0
5767200.0,1100.0
5770800.0,1100.0
5774400.0,1100.0
5778000.0,1100.0
5781600.0,1100.0
5785200.0,1100.0
5788800.0,1100.0
5792400.0,1100.0
5796000.0,1100.0
5799600.0,1100.0
5803200.0,1100.0
5806800.0,1100.0
5810400.0,1100.0
5814000.0,1100.0
5817600.0,1100.0
5821200.0,1100.0
5824800.0,1100.0
5828400.0,1100.0
5832000.0,1100.0
5835600.0,1100.0
5839200.0,1100.0
5842800.0,1100.0
5846400.0,1100.0
5850000.0,1100.0
5853600.0,1100.0
5857200.0,1100.0
5860800.0,1100.0
5864400.0,1100.0
5868000.0,1100.0
5871600.0,1100.0
5875200.0,1100.0
5878800.0,1100.0
5882400.0,1100.0
5886000.0,1100.0
5889600.0,1100.0
5893200.0,1100.0
5896800.0,1100.0
5900400.0,1100.0
5904000.0,1100.0
5907600.0,1100.0
5911200.0,1100.0
5914800.0,1100.0
5918400.0,1100.0
5922000.0,1100.0
5925600.0,1100.0
5929200.0,1100.0
5932800.0,1100.0
5936400.0,1100.0
5940000.0,1100.0
5943600.0,1100.0
5947200.0,1100.0
5950800.0,1100.0
5954400.0,1100.0
5958000.0,1100.0
5961600.0,1100.0
5965200.0,1100.0
5968800.0,1100.0
5972400.0,1100.0
5976000.0,1100.0
5979600.0,1100.0
5983200.0,1100.0
5986800.0,1100.0
5990400.0,1100.0
5994000.0,1100.0
5997600.0,1100.0
6001200.0,1100.0
6004800.0,1100.0
6008400.0,1100.0
6012000.0,1100.0
6015600.0,1100.0
6019200.0,1100.0
6022800.0,1100.0
6026400.0,1100.0
6030000.0,1100.0
6033600.0,1100.0
6037200.0,1100.0
6040800.0,1100.0
6044400.0,1100.0
6048000.0,1100.0
6051600.0,1100.0
6055200.0,1100.0
6058800.0,1100.0
6062400.0,1100.0
6066000.0,1100.0
6069600.0,1100.0
6073200.0,1100.0
6076800.0,1100.0
6080400.0,1100.0
6084000.0,1100.0
6087600.0,1100.0
6091200.0,1100.0
6094800.0,1100.0
6098400.0,1100.0
6102000.0,1100.0
6105600.0,1100.0
6109200.0,1100.0
6112800.0,1100.0
6116400.0,1100.0
6120000.0,1100.0
6123600.0,1100.0
6127200.0,1100.0
6130800.0,1100.0
6134400.0,1100.0
6138000.0,1100.0
6141600.0,1100.0
6145200.0,1100.0
6148800.0,1100.0
6152400.0,1100.0
6156000.0,1100.0
6159600.0,1100.0
6163200.0,1100.0
6166800.0,1100.0
6170400.0,1100.0
6174000.0,1100.0
6177600.0,1100.0
6181200.0,1100.0
6184800.0,1100.0
6188400.0,1100.0
6192000.0,1100.0
6195600.0,1100.0
6199200.0,1100.0
6202800.0,1100.0
6206400.0,1100.0
6210000.0,1100.0
6213600.0,1100.0
6217200.0,1100.0
6220800.0,1100.0
6224400.0,1100.0
6228000.0,1100.0
6231600.0,1100.0
6235200.0,1100.0
6238800.0,1100.0
6242400.0,1100.0
6246000.0,1100.0
6249600.0,1100.0
6253200.0,1100.0
6256800.0,1100.0
6260400.0,1100.0
6264000.0,1100.0
6267600.0,1100.0
6271200.0,1100.0
6274800.0,1100.0
6278400.0,1100.0
6282000.0,1100.0
6285600.0,1100.0
6289200.0,1100.0
6292800.0,1100.0
6296400.0,1100.0
6300000.0,1100.0
6303600.0,1100.0
6307200.0,1100.0
6310800.0,1100.0
6314400.0,1100.0
6318000.0,1100.0
6321600.0,1100.0
6325200.0,783.3947368421052
6328800.0,1100.0
6332400.0,783.3947368421052
6336000.0,1100.0
6339600.0,783.3947368421052
6343200.0,1100.0
6346800.0,783.3947368421052
6350400.0,1100.0
6354000.0,783.3947368421052
6357600.0,1100.0
6361200.0,783.3947368421052
6364800.0,1100.0
6368400.0,783.3947368421052
6372000.0,1100.0
6375600.0,783.3947368421052
6379200.0,1100.0
6382800.0,783.3947368421052
6386400.0,1100.0
6390000.0,783.3947368421052
6393600.0,1100.0
6397200.0,783.3947368421052
6400800.0,1100.0
6404400.0,783.3947368421052
6408000.0,1100.0
6411600.0,783.3947368421052
6415200.0,1100.0
6418800.0,783.3947368421052
6422400.0,1100.0
6426000.0,783.3947368421052
6429600.0,1100.0
6433200.0,783.3947368421052
6436800.0,1100.0
6440400.0,783.3947368421052
6444000.0,1100.0
6447600.0,783.3947368421052
6451200.0,1100.0
6454800.0,783.3947368421052
6458400.0,1100.0
6462000.0,783.3947368421052
6465600.0,1100.0
6469200.0,783.3947368421052
6472800.0,1100.0
6476400.0,783.3947368421052
6480000.0,1100.0
6483600.0,783.3947368421052
6487200.0,1100.0
6490800.0,783.3947368421052
6494400.0,1100.0
6498000.0,783.3947368421052
6501600.0,1100.0
6505200.0,783.3947368421052
6508800.0,1100.0
6512400.0,783.3947368421052
6516000.0,1100.0
6519600.0,783.3947368421052
6523200.0,1100.0
6526800.0,783.3947368421052
6530400.0,1100.0
6534000.0,783.3947368421052
6537600.0,1100.0
6541200.0,783.3947368421052
6544800.0,1100.0
6548400.0,783.3947368421052
6552000.0,1100.0
6555600.0,783.3947368421052
6559200.0,1100.0
6562800.0,783.3947368421052
6566400.0,1100.0
6570000.0,783.3947368421052
6573600.0,1100.0
6577200.0,783.3947368421052
6580800.0,1100.0
6584400.0,783.3947368421052
6588000.0,1100.0
6591600.0,783.3947368421052
6595200.0,1100.0
6598800.0,783.3947368421052
6602400.0,1100.0
6606000.0,783.3947368421052
6609600.0,1100.0
6613200.0,783.3947368421052
6616800.0,1100.0
6620400.0,783.3947368421052
6624000.0,1100.0
6627600.0,783.3947368421052
6631200.0,1100.0
6634800.0,783.3947368421052
6638400.0,1100.0
6642000.0,783.3947368421052
6645600.0,1100.0
6649200.0,783.3947368421052
6652800.0,1100.0
6656400.0,783.3947368421052
6660000.0,1100.0
6663600.0,783.3947368421052
6667200.0,1100.0
6670800.0,783.3947368421052
6674400.0,1100.0
6678000.0,783.3947368421052
6681600.0,1100.0
6685200.0,783.3947368421052
6688800.0,1100.0
6692400.0,783.3947368421052
6696000.0,1100.0
6699600.0,783.3947368421052
6703200.0,1100.0
6706800.0,783.3947368421052
6710400.0,1100.0
6714000.0,783.3947368421052
6717600.0,1100.0
6721200.0,783.3947368421052
6724800.0,1100.0
6728400.0,783.3947368421052
6732000.0,1100.0
6735600.0,783.3947368421052
6739200.0,1100.0
6742800.0,783.3947368421052
6746400.0,1100.0
6750000.0,783.3947368421052
6753600.0,1100.0
6757200.0,783.3947368421052
6760800.0,1100.0
6764400.0,783.3947368421052
6768000.0,1100.0
6771600.0,783.3947368421052
6775200.0,1100.0
6778800.0,783.3947368421052
6782400.0,1100.0
6786000.0,783.3947368421052
6789600.0,1100.0
6793200.0,783.3947368421052
6796800.0,1100.0
6800400.0,783.3947368421052
6804000.0,1100.0
6807600.0,783.3947368421052
6811200.0,1100.0
6814800.0,783.3947368421052
6818400.0,1100.0
6822000.0,783.3947368421052
6825600.0,1100.0
6829200.0,783.3947368421052
6832800.0,1100.0
6836400.0,783.3947368421052
6840000.0,1100.0
6843600.0,783.3947368421052
6847200.0,1100.0
6850800.0,783.3947368421052
6854400.0,1100.0
6858000.0,783.3947368421052
6861600.0,1100.0
6865200.0,783.3947368421052
6868800.0,1100.0
6872400.0,783.3947368421052
6876000.0,1100.0
6879600.0,783.3947368421052
6883200.0,1100.0
6886800.0,783.3947368421052
6890400.0,1100.0
6894000.0,783.3947368421052
6897600.0,1100.0
6901200.0,783.3947368421052
6904800.0,1100.0
6908400.0,783.3947368421052
6912000.0,1100.0
6915600.0,783.3947368421052
6919200.0,1100.0
6922800.0,783.3947368421052
6926400.0,1100.0
6930000.0,783.3947368421052
