Elapsed_s,Altitude_km,Density_kg_m3,Inclination_deg,Eccentricity,RAAN_deg
0.0,260.0000672843646,5.7020971213547505e-11,96.7,9.99999993922529e-09,11.500000000000002
3600.0,268.6910992804139,4.496611935387004e-11,96.70707687119727,0.0011390507173039122,11.538547124218313
7200.0,267.7094633894982,3.645450308879733e-11,96.70852599620545,0.0010185494447927778,11.588816868575018
10800.0,259.7704289084134,5.820903045794533e-11,96.70172792599067,8.226238565330422e-05,11.625226480658888
14400.0,269.36959412255726,4.4448177180212534e-11,96.71161971561011,0.0012869133737454165,11.664349387427807
18000.0,266.16286566028805,3.9029389820186965e-11,96.71119136919008,0.0008334039034348788,11.71532076618247
21600.0,259.7549201313405,5.915991189308783e-11,96.705255851319,0.0001820829699074974,11.752557649464592
25200.0,269.9724062903732,4.4562617257798655e-11,96.71409773244706,0.0014180372008565385,11.792031124407256
28800.0,264.5923974790659,4.202413007478986e-11,96.71094559970064,0.0006492448363704541,11.842188718296462
32400.0,259.88837836955287,5.978222680702526e-11,96.70519884236656,0.00028712058771137526,11.878339343715245
36000.0,270.44679543152995,4.5199739424027814e-11,96.71147941205757,0.0015144613049008627,11.917560799133906
39600.0,263.46446414690126,4.400683979375995e-11,96.70898123071022,0.0005393754353048652,11.96817492247929
43200.0,259.8515695442157,6.022702812793127e-11,96.70163698257912,0.0003632971681437311,12.005288600746875
46800.0,271.22972097980266,4.539165695574071e-11,96.71079085802086,0.0016561512222003762,12.047097100710179
50400.0,262.15403759955797,4.5360977437304095e-11,96.70683271741555,0.0004202311768799989,12.097257492779747
54000.0,259.67134465817685,6.05482163807933e-11,96.70349809538827,0.0004437762498096254,12.132150469944737
57600.0,271.5697668992935,4.599377650147765e-11,96.71373851227511,0.001752817819547646,12.173549837737829
61200.0,260.7674917457644,4.688143208923077e-11,96.70951733746864,0.0002784659398304283,12.222624227597828
64800.0,259.99420362782473,5.968550855238291e-11,96.7068446872658,0.0005362261423490529,12.256632363617062
68400.0,271.7480547600709,4.666464508215114e-11,96.71563767288505,0.0018348094863569527,12.2990559769767
72000.0,259.2407105862185,4.953512466668178e-11,96.71084197257193,0.00016103642668176057,12.347803288220287
75600.0,260.5628528459644,5.8115097666800395e-11,96.70692527603592,0.0006600343709492122,12.381407288862814
79200.0,272.0826373185844,4.718363648819491e-11,96.71441140288137,0.0019459579588639215,12.426040578596163
82800.0,257.689593980125,5.369052581009784e-11,96.70596733149716,0.0002058935169837217,12.474295607806095
86400.0,261.13812269142664,5.6481008847382265e-11,96.70322979010842,0.0007876634231192188,12.50608416947457
90000.0,272.1856777453044,4.799260109115045e-11,96.71127653206521,0.0020090287690499534,12.551751146692421
93600.0,256.43861614769645,5.833087542270558e-11,96.70630390648725,0.00031053420305987827,12.598854009582151
97200.0,261.5153234433292,5.5329746355975025e-11,96.7061540176117,0.0008921175707934496,12.631683637747468
100800.0,272.31330506782,4.874615885423328e-11,96.71545912434384,0.002086822986055916,12.678163072777172
104400.0,254.84907979155977,6.301956578408885e-11,96.70902863361466,0.000487690755204753,12.724890333434
108000.0,262.0235025827985,5.430615467712229e-11,96.70990912433051,0.0010258255176590215,12.75922295149759
111600.0,272.3365183178017,4.9528351260952155e-11,96.71771236039811,0.002152352941533818,12.806640453905993
115200.0,253.33512013132034,6.627045165093513e-11,96.70918501886219,0.0006646960817248982,12.85140910895662
118800.0,262.6993255917722,5.320279133669078e-11,96.70971524768261,0.0011701258199386694,12.885321919796546
122400.0,272.1544787018802,5.03621879717349e-11,96.71479167996392,0.0021849354084292508,12.932628085618319
126000.0,252.31772300526683,6.790445218302179e-11,96.7064446930183,0.0007519735204692728,12.977463631532839
129600.0,263.20795151890087,5.2110266570148416e-11,96.70718802474673,0.0012737044426202495,13.012769683238743
133200.0,271.96420664711434,5.0716765392821624e-11,96.71341208228306,0.0022017348156899205,13.062256377331623
136800.0,251.43296906676017,6.961573979139867e-11,96.70510142748726,0.000830004610722542,13.105743280942962
140400.0,263.51979097258726,5.1201845237543635e-11,96.7094152295182,0.0013392614149209446,13.140420013650123
144000.0,271.3992218182471,5.111350027031316e-11,96.71578412822218,0.002186850950287168,13.18886098494128
147600.0,250.4099451789882,7.269509805135511e-11,96.70790002264806,0.000938742248561792,13.230915431654449
151200.0,264.22490523788593,4.981562932031977e-11,96.71292673467758,0.0014636741616002116,13.265389244844625
154800.0,270.77296136139387,5.1307038449599576e-11,96.71728550186944,0.002177332597109442,13.314257200029404
158400.0,249.335794269046,7.610463984473961e-11,96.70925147989043,0.0010415374995339755,13.355889632910975
162000.0,265.0184299472153,4.8334579014416565e-11,96.71322522679895,0.0016104753834614764,13.390478466475765
165600.0,270.3056417400683,5.139259253423688e-11,96.71580345380211,0.002183788615755917,13.440927995817226
169200.0,248.44588230131492,7.806161561072592e-11,96.70517983348019,0.0011325279900569652,13.481951347810206
172800.0,265.82275034209357,4.6724618208162655e-11,96.70996219900663,0.0017402201535858977,13.516125371142817
176400.0,269.53727475709314,5.2072762340801856e-11,96.71198565828692,0.002118739976101554,13.566673578301739
180000.0,247.91691359837833,7.769017066689781e-11,96.70528959528167,0.0011586546480053363,13.606324197805852
183600.0,266.2658819198857,4.53687560702194e-11,96.71317772080793,0.0018186169353935414,13.642551779471237
187200.0,268.6852658873891,5.315566913790021e-11,96.71541155366522,0.0020598890547765215,13.693514610890617
190800.0,247.30159607596792,7.671052801293127e-11,96.70870355145485,0.001209542675550596,13.731966710724105
194400.0,266.63293991315186,4.420348426494772e-11,96.71686644990162,0.0018990652945821641,13.770571238271716
198000.0,267.8148532739133,5.4329244118622965e-11,96.7172476293297,0.0020106711824915257,13.822137782766719
201600.0,246.86922650524542,7.560898401780363e-11,96.70979793072188,0.0012452829103900232,13.858404223285635
205200.0,267.0814464672048,4.345697022682208e-11,96.71602196148429,0.0019918298031310734,13.896697694734646
208800.0,266.799338252662,5.5182099442499636e-11,96.71398335191773,0.0019318862770889783,13.947896927282784
212400.0,246.8581501164968,7.410711764188856e-11,96.70636764255701,0.0011886837209623548,13.984337889152387
216000.0,267.37378093715785,4.3487499910048627e-11,96.71436537680573,0.002038427145772942,14.025614026358495
219600.0,265.53342434391936,5.524425389666698e-11,96.71186715307661,0.0017862389457404088,14.077452082501699
223200.0,247.3199305720131,7.15887657268726e-11,96.70692831734792,0.0010661650185687691,14.112488787595627
226800.0,267.35476605596637,4.4320620692374114e-11,96.71608483701337,0.002026773066805487,14.154169265307269
230400.0,264.1138792510713,5.4444691367249866e-11,96.71376238806964,0.0016423447461169907,14.203734483258792
234000.0,247.55638038686322,6.951469039045627e-11,96.71013696966534,0.0010013659007859685,14.237802886877484
237600.0,267.4614742942448,4.478369740613949e-11,96.71936419929322,0.0020598779002930488,14.27973977346548
241200.0,262.85393689414906,5.269375960988859e-11,96.71508590168015,0.0015271527331203118,14.328558391891644
244800.0,247.77533743620148,6.789187890470603e-11,96.71166509231016,0.0009230602948268943,14.36282953847071
248400.0,267.3961094373677,4.450199667802619e-11,96.71947550309817,0.0020791929349139185,14.405193341799263
252000.0,261.8609386851375,5.068994651976627e-11,96.71356646044721,0.0014431113969296688,14.454645173479049
255600.0,248.34115398372023,6.640690456463313e-11,96.70857726972538,0.0008192513791969644,14.489077877397907
259200.0,267.3462334598645,4.329455063419307e-11,96.7159060954424,0.002070313292134589,14.53207705918545
262800.0,260.5902830044898,5.001711882533827e-11,96.7096302595348,0.001283126501910371,14.579561758930804
266400.0,249.1255543345554,6.458783210858085e-11,96.70904020162936,0.0006638597268736381,14.613777762434145
270000.0,266.7862097507995,4.226644904269054e-11,96.71860461077488,0.002009098324765636,14.659371644031644
273600.0,259.31620708398816,5.0986081033145084e-11,96.71243134282753,0.001125103476031467,14.70628518559295
277200.0,249.99841672321892,6.14634947872137e-11,96.71361411552327,0.0005025001204621069,14.739839501650222
280800.0,265.9360466635374,4.178970531605743e-11,96.72172854605493,0.0019233472589639449,14.787483031742608
284400.0,258.20387779955024,5.332442920988164e-11,96.71431715316577,0.0009925777528183438,14.834390660925587
288000.0,251.0125961105773,5.729236383910007e-11,96.71522854276287,0.0003313838129096106,14.86677502823244
291600.0,265.0810735239448,4.1863959237818254e-11,96.72013729606371,0.001820885617871897,14.913540255972553
295200.0,257.1553244894723,5.621177884552337e-11,96.71156981065302,0.0008541727042462456,14.959404394565096
298800.0,252.18632703806819,5.411272668449713e-11,96.71211410512484,0.00016379810178670308,14.993037258604462
302400.0,264.20614202694287,4.24388154387748e-11,96.71814279791292,0.0017018356199945423,15.043183804009546
306000.0,255.80015831680046,5.893114728471752e-11,96.70905992574397,0.0006501702999821051,15.088580360926262
309600.0,253.8999811515705,5.26567579421523e-11,96.71339450737764,0.00023461230125703997,15.122120256797084
313200.0,262.9660950318068,4.349976159004449e-11,96.71879122647223,0.0015352051985545966,15.172296786768346
316800.0,254.5656475264987,6.082743018535201e-11,96.71129074513674,0.00048150686611534896,15.214294950160829
320400.0,255.14003595723898,5.414677057246914e-11,96.71701629439856,0.00044002953841818356,15.248228315861079
324000.0,261.62754547135233,4.406394257436756e-11,96.72139059683519,0.0013711234717339663,15.298022187967677
327600.0,253.77974966572708,6.211149722653087e-11,96.71297150850349,0.0003624762621893994,15.338742800209095
331200.0,256.2502807500604,5.641851218420075e-11,96.71889482879207,0.0006521461370157444,15.373921759224311
334800.0,259.97630040719093,4.443073581687789e-11,96.72102172792513,0.0011673421408915476,15.42409324543586
338400.0,253.41801979577883,6.346102913689701e-11,96.71154912979826,0.0003314030725822547,15.464505314456012
342000.0,257.6643498612781,5.660279840617734e-11,96.71625391586548,0.0009052882141067343,15.501087600467152
345600.0,258.41020975585775,4.513350311277852e-11,96.71642133155184,0.0009884983093465481,15.551464987959566
349200.0,252.84708228750728,6.574506932519147e-11,96.70901248680806,0.0003533314250734386,15.588570942866317
352800.0,258.91411897642865,5.531439458695975e-11,96.71669794597538,0.0011364441344982204,15.626921054401643
356400.0,256.45908654437505,4.773080682223975e-11,96.71838233103577,0.0007469720551355208,15.677847012780084
360000.0,252.4040005011376,6.802207590825254e-11,96.71225314351719,0.00041118186075105246,15.714950334937988
363600.0,260.2149618567338,5.4340167663261174e-11,96.72168944215834,0.0013987798591517063,15.754120840791341
367200.0,254.25653569898634,5.248190775171311e-11,96.72075913556267,0.00046893172045694764,15.805730907020427
370800.0,252.30248440973412,6.953971271998712e-11,96.71452270213774,0.000549831922304888,15.842950321831927
374400.0,261.4426718513143,5.455034635012227e-11,96.72321371927185,0.0016386751658651415,15.882040087717733
378000.0,252.1639157122099,5.7901141358519634e-11,96.71857313386657,0.00020366985432693858,15.931866356833964
381600.0,252.39490210455511,7.03473141020565e-11,96.71356518358708,0.0007140261048090306,15.96781068541738
385200.0,262.38404364699653,5.537841721978678e-11,96.72026744807219,0.001814373484270607,16.009591507863945
388800.0,250.35346791823997,6.204169131044467e-11,96.71600524586086,6.822000632170552e-05,16.060784269554944
392400.0,252.21220230217665,7.093537620397039e-11,96.71093136484312,0.000833671128543306,16.096904985247594
396000.0,263.5510576748558,5.53762118580525e-11,96.7207533911747,0.002023912319992225,16.139407622073993
399600.0,248.4590817354453,6.580461463293766e-11,96.71617551126118,0.0002689694292735027,16.188822867975155
403200.0,252.2828194507025,7.044076430074573e-11,96.71434130990423,0.0009580398226371446,16.222948634915827
406800.0,264.07339446736256,5.592438123291056e-11,96.72387361514417,0.002171456295842147,16.266412363462372
410400.0,246.45757453316864,7.087082084620488e-11,96.71827433348061,0.0004999907890774288,16.314201993873372
414000.0,252.8452898781264,6.834607716493602e-11,96.7172553031684,0.0011147776835052474,16.347742496762564
417600.0,264.3536068352751,5.666582137167164e-11,96.72522540011221,0.0022948877307541115,16.392864593392563
421200.0,244.32001414469568,7.862182849187795e-11,96.71739339456201,0.0007386988568265287,16.440323580508018
424800.0,253.6994437563006,6.54436720995891e-11,96.7158959097766,0.0013179490442579577,16.473671435223686
428400.0,264.71087233949993,5.7372921543251104e-11,96.72202164002472,0.0024239276861865145,16.520559757701992
432000.0,242.6695934820904,8.68990256766355e-11,96.71291515935116,0.0009252973831529869,16.566573507258536
435600.0,254.44910739498783,6.289377169419621e-11,96.71465198847612,0.0014605455231060675,16.598551136209164
439200.0,264.57181765890977,5.88168501886471e-11,96.7212244427336,0.0024676770747738166,16.647182860336837
442800.0,241.00211852054096,9.397656795354953e-11,96.7147962465431,0.0011035700712627666,16.691878135709633
446400.0,254.99932203944303,6.095355197165758e-11,96.71867193648654,0.0015988739891374306,16.725606720986
450000.0,264.3567767160541,6.052015288173622e-11,96.72543470740456,0.0025139861256853993,16.775417284636546
453600.0,239.42739516166927,9.791003395410239e-11,96.71722393945434,0.0012874766566658108,16.818999993924166
457200.0,255.72412780693983,5.895621711785259e-11,96.72156880419232,0.001748360740615945,16.854329999731835
460800.0,263.89777649771906,6.242583001958774e-11,96.72623093945263,0.002528108521297134,16.904349433191907
464400.0,238.24066763688572,9.919431664330879e-11,96.71574354068436,0.0014206540726030502,16.944464824419306
468000.0,256.5608190020352,5.707099475172955e-11,96.72122489767511,0.0018961762916527775,16.9801064671217
471600.0,262.9355113007046,6.386577079474224e-11,96.72221618122128,0.0024612733554109593,17.031907225250276
475200.0,237.73482917638788,9.882220089204917e-11,96.71311242795448,0.001411246312850202,17.072592238871444
478800.0,256.9640400007069,5.627762341800786e-11,96.71899859531216,0.0019494297755260786,17.110394754585727
482400.0,261.88336405057595,6.337551302277153e-11,96.72136337292743,0.0023542458501204524,17.161889316841567
486000.0,237.52607444844085,9.81695648609785e-11,96.71474665120637,0.001392140546035448,17.199740817744754
489600.0,257.35114141968745,5.625663867730361e-11,96.72300554974096,0.001989650142397693,17.238012782792552
493200.0,260.45421167334996,6.206674914591032e-11,96.72344752217474,0.0022281807635551234,17.28860013254798
496800.0,237.3131843899189,9.668174962592596e-11,96.71727625008631,0.0013772787008282932,17.32484507685201
500400.0,257.8606037924435,5.609557701643802e-11,96.72620438571074,0.002060442288480803,17.364200852260563
504000.0,258.9192030484637,6.03430449087482e-11,96.72400498506971,0.002084060787941164,17.41411487820191
507600.0,237.25439097311232,9.38344519448654e-11,96.71698224514945,0.0013292987709136199,17.450723430974126
511200.0,258.1281364113974,5.529300015267199e-11,96.72419761895998,0.0021177737344627813,17.49047114068747
514800.0,257.56525589471,5.840567610807174e-11,96.72037326997548,0.0019421155867527416,17.54104188318257
518400.0,237.90609225217904,8.954841246127013e-11,96.71376819861925,0.001199653253460576,17.576704649299202
522000.0,258.29540904438016,5.3535401099668774e-11,96.72317866494234,0.002109805377800035,17.61779306967938
525600.0,255.7753567755909,5.780931009386773e-11,96.71827903615787,0.0017131693697440907,17.6670868555253
529200.0,238.78842329881655,8.54854739536457e-11,96.71706114481289,0.0010214332123293802,17.701892461926764
532800.0,257.69240467619215,5.2403204352695515e-11,96.7266775110875,0.00202966620965953,17.746106869683192
536400.0,254.1050639585772,5.870355218586347e-11,96.72146902327296,0.0015098806300671904,17.795105928569917
540000.0,239.90151262142766,8.033694258324123e-11,96.72074156901759,0.0008454217174024328,17.829128345409234
543600.0,256.8930871767819,5.1937096836455835e-11,96.7288415262049,0.0019359192026580515,17.87522378309818
547200.0,252.50267889994606,6.141246321578258e-11,96.72201528434499,0.0013069334624188301,17.9232382180439
550800.0,241.33124004542063,7.376313368055178e-11,96.72016847612316,0.0006261565743494415,17.95506124546492
554400.0,256.0877272596331,5.216379648953136e-11,96.72728778245349,0.0018137833547710596,18.001439300905762
558000.0,250.79906427739985,6.514524978197747e-11,96.71787521550446,0.001072838618193467,18.049420090137744
561600.0,243.26145961997435,6.808069864343821e-11,96.71826211870741,0.00041957454099999635,18.08367943949558
565200.0,254.74917951366774,5.349485891667965e-11,96.72452768002037,0.0016041290258434866,18.133597885946873
568800.0,248.95928741086192,6.858518191319277e-11,96.71671787416501,0.0008059440789330036,18.17860532326904
572400.0,245.3711126829041,6.597052701929247e-11,96.72137606561051,0.0004085932658256175,18.211928578510133
576000.0,253.150338476783,5.501765923680838e-11,96.72716763285864,0.001375673482357652,18.26184526791226
579600.0,247.44352006321438,7.113564309315884e-11,96.71935186843317,0.0006109881445441929,18.304080266920586
583200.0,247.18204293779777,6.742117727151902e-11,96.72468237197211,0.000632042294753493,18.33808399204453
586800.0,251.35014765238782,5.5853344323079303e-11,96.72913949661726,0.0011352177305138055,18.38842552213598
590400.0,246.35540991501676,7.365203686415264e-11,96.71991528311202,0.0004952141770205172,18.428822746958826
594000.0,248.99616555055232,6.882451328529904e-11,96.72587364937073,0.0009385131997057351,18.465289067750337
597600.0,249.08140114212767,5.705679100603606e-11,96.72603299487533,0.000845057560350592,18.51564094493439
601200.0,245.70902597297967,7.648308667040479e-11,96.71699511207899,0.0005403517891882689,18.55480419670463
604800.0,250.98032538653442,6.740264671793112e-11,96.72261269877973,0.0012637555445698138,18.592522590601906
608400.0,246.9675263777021,5.969165151247645e-11,96.72326634350104,0.0005832423354677723,18.643149045324982
612000.0,244.9833234631425,7.986720695295861e-11,96.71645315355184,0.0006344077926672383,18.67962197483183
615600.0,252.80613911657062,6.550435862664105e-11,96.72611279564012,0.0015890832218045884,18.719376224996676
619200.0,244.2582170841664,6.661238856099995e-11,96.72561134717817,0.00022427460065635379,18.77045519532747
622800.0,244.57060277326445,8.230536632281141e-11,96.72045635223023,0.0008019018473182546,18.80699505639644
626400.0,254.4314958603728,6.523145727473206e-11,96.73026417555553,0.0019060531441336052,18.848301469123882
630000.0,241.4366603725339,7.693624975375853e-11,96.7267183368335,0.00013571030929424133,18.89920434171697
633600.0,244.57587450291635,8.331349315171188e-11,96.72163212133243,0.0010116476295414813,18.935002993274367
637200.0,255.87173231567954,6.578104898217193e-11,96.7296799590807,0.0021807281012037943,18.976020924204512
640800.0,238.99119816673348,8.671214109862605e-11,96.72369358421136,0.00044816587316866215,19.02513662765822
644400.0,244.85751941954132,8.306778786293353e-11,96.71982853400779,0.0012045045591304439,19.060763675109737
648000.0,256.9514687099855,6.612694330173413e-11,96.72733159056145,0.0023839485033479682,19.106334686807706
651600.0,236.66006273048595,9.474974453865968e-11,96.72053351203716,0.0007336326045072406,19.155533988694263
655200.0,244.90940278537803,8.21207780505229e-11,96.71951908648481,0.0013571986758356355,19.190256602599696
658800.0,257.605257916207,6.646035302801153e-11,96.72890583218809,0.0025452792131880854,19.23561089404998
662400.0,234.50854036762286,1.0317459643486279e-10,96.72262223246241,0.0010007731984576608,19.282487702874565
666000.0,245.4948127293078,7.920431440478022e-11,96.72373554858412,0.0015179534985595836,19.316277267036448
669600.0,257.649368635929,6.723737776448884e-11,96.73135941107513,0.002647548686306438,19.363209554216827
673200.0,232.4123162676783,1.1405925828325689e-10,96.72404049904105,0.0012341690378441426,19.408072408966035
676800.0,246.37265648815674,7.552739162929476e-11,96.72633717349245,0.0016922867175294385,19.441895287541882
680400.0,257.42449871778666,6.812169005408248e-11,96.73149820464707,0.0027161494954052227,19.490903724290146
684000.0,230.48743802142428,1.249599021230468e-10,96.7203094123156,0.0014343535966572375,19.534971069708792
687600.0,247.39401493031465,7.210900796522024e-11,96.72338803260021,0.0018830952287729628,19.568550539369227
691200.0,256.8134210965846,6.936225383669771e-11,96.72670779272175,0.002696123422944797,19.618670047494483
694800.0,229.39264746858868,1.290692427049994e-10,96.71796194554783,0.001529739556949801,19.660406636500245
698400.0,248.1354017737525,6.940656968647701e-11,96.72527640218225,0.0019821765863663548,19.695232777287504
702000.0,255.67974027679557,7.120188618264286e-11,96.72812923624764,0.0026011624848834005,19.74645504916734
705600.0,228.618781181591,1.2754093230946908e-10,96.72146366863153,0.0015874378064339527,19.786143037688436
709200.0,248.57698877868287,6.706051515091833e-11,96.72961264904507,0.002057746984324761,19.823893544140688
712800.0,254.27146662906355,7.280413481278841e-11,96.73091064801606,0.0024792441345245415,19.876251621892397
716400.0,228.25589880013334,1.2356669753071028e-10,96.72358523279347,0.0015928690032599804,19.913941428036487
720000.0,248.9452795188085,6.527213663619649e-11,96.73065184683527,0.0021160454730903564,19.95306183052575
723600.0,252.6505480827994,7.350721606029721e-11,96.72918593652932,0.002311725676103034,20.004136729035416
727200.0,228.5958021216454,1.1783294116424887e-10,96.7207510031163,0.0014805914537236395,20.039292830008876
730800.0,249.20025097739216,6.487643057405933e-11,96.73012460767373,0.002116262971248143,20.080999749710504
734400.0,250.46528551096333,7.411206620161269e-11,96.72488884177524,0.0020406815823565522,20.133604455837983
738000.0,229.9100676169015,1.0887589620840163e-10,96.7199899785162,0.0012331215208457912,20.168711554460934
741600.0,248.81322010083161,6.636111676069906e-11,96.72902163940262,0.002003923986272904,20.212919725063472
745200.0,248.0132127904243,7.458528708375691e-11,96.72480963735381,0.0017248652082658793,20.262145775772304
748800.0,231.415774727043,1.006357039332127e-10,96.72391209735977,0.0009789198217377332,20.295582863559343
752400.0,248.1931789849194,6.80045408636831e-11,96.7326108873893,0.001886446169058136,20.34073940720768
756000.0,245.69849382866806,7.435056394312762e-11,96.72639664186735,0.0014280719556350168,20.38830658754476
759600.0,233.14027968596997,9.570810117601536e-11,96.72646889150606,0.0007186207187207834,20.421268747856253
763200.0,247.16721653788835,6.864270400021039e-11,96.73460611587434,0.0017271816160327235,20.468106315380304
766800.0,243.64450943917916,7.465794887515428e-11,96.72579150582911,0.0011651942839114285,20.514333960165064
770400.0,235.2099834874166,9.330335829244656e-11,96.72564945246819,0.0005611644182468622,20.548795909843903
774000.0,245.64724680856983,6.806692950434674e-11,96.73045868861561,0.0014995816666321742,20.596379503195838
777600.0,241.75100880478269,7.766286411160213e-11,96.72147492611836,0.0009217443513230097,20.64000270109503
781200.0,237.71924308007263,8.855040854970321e-11,96.7239727323777,0.0005891302196215437,20.675217663841423
784800.0,243.76963891008364,6.765924362418638e-11,96.73064458808263,0.00123358111231046,20.72485574079889
788400.0,239.83686231739188,8.398930150991068e-11,96.7220456783745,0.0007002418921643928,20.766442211210247
792000.0,240.2999501704386,8.134487822595781e-11,96.7293319735343,0.0009077690051892542,20.80233437234984
795600.0,241.06963317985782,7.062883498024338e-11,96.73307436259813,0.0008560158050872313,20.853750150898005
799200.0,238.45461035393572,9.079118395915713e-11,96.7251774718018,0.0006566959561371475,20.89480614015583
802800.0,242.9085038206625,7.692640687799631e-11,96.73251955123152,0.0013233935124580137,20.93167893043737
806400.0,238.0778373382277,7.80833836463141e-11,96.73231658222205,0.00044706294140704,20.98288330438066
810000.0,237.5355749059626,9.614888628279646e-11,96.72494918619131,0.0007912195642504196,21.021489023291057
813600.0,245.25138790815123,7.683044671898678e-11,96.73053741371474,0.001705285793053175,21.059012824686686
817200.0,235.3442700545138,8.785959083169013e-11,96.72982436380524,8.61187839827207e-05,21.110832428075767
820800.0,236.75633681956904,1.0004390049957462e-10,96.72125184531788,0.0009581393060734232,21.149389833413277
824400.0,247.62138847504443,7.708412478033702e-11,96.73041768252622,0.0020849156276164225,21.190837733818892
828000.0,232.37133077259168,9.807526039043128e-11,96.72681447778503,0.0003255078598033766,21.241954954526275
831600.0,236.20774056140144,1.02151742615859e-10,96.7233364979734,0.0011609135038721794,21.27727728406314
835200.0,249.16800906612124,7.74887728811742e-11,96.73374802633904,0.002383181581655652,21.319631028074465
838800.0,229.423633504371,1.0949910635615588e-10,96.72879295949393,0.0007023648695826177,21.368921819159908
842400.0,236.45759123349728,1.0039371369962422e-10,96.72719053356025,0.0013720294333230305,21.40290448859279
846000.0,250.0581881170671,7.784977695262092e-11,96.73578367044223,0.0026122626087841196,21.447557026092795
849600.0,226.4982264248255,1.2602465870985035e-10,96.72943601831365,0.0010442442208129191,21.495474087408734
853200.0,237.19709374392704,9.600145386298738e-11,96.72795056910537,0.001598013356385281,21.528950735946147
856800.0,250.6220320150971,7.855976958625132e-11,96.73448104233925,0.002802064837447486,21.57684566476657
860400.0,223.94776685736016,1.45542570287693e-10,96.72399993635656,0.0013335361937137054,21.62308354539986
864000.0,238.12585243835827,9.125995055548284e-11,96.7249565614197,0.0017954756544694564,21.655306610476675
867600.0,250.30432888894626,8.094822403149504e-11,96.73069886838573,0.002836849691415901,21.704926036971194
871200.0,222.0864348717086,1.5870153021420087e-10,96.72361213306502,0.00151712920403682,21.74862242656866
874800.0,238.803566977171,8.764077700951123e-11,96.72883364048471,0.0019269901161727845,21.782978311266387
878400.0,249.5093412273414,8.4050208387246e-11,96.73408405186335,0.002806037740191862,21.833915534846028
882000.0,220.69043065066296,1.617463729404376e-10,96.72643620706899,0.0016592795236106388,21.875345335928024
885600.0,239.46075851899664,8.411984434882239e-11,96.73333210131392,0.0020372180000376677,21.912646573976833
889200.0,248.0853520832911,8.708479748066741e-11,96.73547321532179,0.0026935110831961453,21.964853846638448
892800.0,220.01652306373433,1.581358351033283e-10,96.72718596941365,0.0017027522161662835,22.002756676465182
896400.0,240.0879828835535,8.131857119993801e-11,96.73315967937697,0.002109423923397392,22.040759006523345
900000.0,246.08388005327078,8.839991303636126e-11,96.73152349961771,0.0024826810133688677,22.092654495929857
903600.0,220.40339285906822,1.5007775036324998e-10,96.72368001550365,0.0015552900599557348,22.129569348180883
907200.0,240.2911874027456,8.107401600897867e-11,96.73194963064081,0.002076538390679027,22.17168938225732
910800.0,243.50058330872642,8.859237006860058e-11,96.72857240632223,0.0021559829492690634,22.224091220064068
914400.0,221.87740331446773,1.3720140527974603e-10,96.72446462076434,0.0012913958777769079,22.258816662201173
918000.0,239.89261060442598,8.322711333937504e-11,96.73385359528893,0.0019397449502280275,22.30267375712531
921600.0,240.47957840189727,8.898139466623032e-11,96.72966702978968,0.0017767501203073668,22.351902477031985
925200.0,223.65266922487928,1.2543336262848169e-10,96.72818985124178,0.0009994693258762648,22.38532063945706
928800.0,239.12338929465412,8.52570195300181e-11,96.73712421163228,0.00178665273037331,22.430627360067323
932400.0,237.62577400663707,8.921592986312342e-11,96.7302481795177,0.0014058376853595819,22.478019696802157
936000.0,225.86972246765026,1.1834729329373043e-10,96.7303925265536,0.0007145145168429554,22.51167286846512
939600.0,237.67090004246867,8.593394528227035e-11,96.73710975721208,0.0015536181825905608,22.558609436994807
943200.0,235.1744406989115,9.126541475628473e-11,96.72806817118641,0.001104735472700177,22.605163110989267
946800.0,228.7183395513578,1.1298816675643867e-10,96.72807328406748,0.0006424813695124073,22.63964515427194
950400.0,235.7259280967625,8.524866721195229e-11,96.73268816238166,0.0012505452579498846,22.68828821117468
954000.0,232.64554597419988,9.844064021144782e-11,96.72415024533264,0.0008233514795015019,22.730589682183204
957600.0,231.80075972610447,1.0418967958449768e-10,96.72921837737597,0.0008972151925458767,22.766543445830933
961200.0,232.9982803655409,8.732011186326917e-11,96.73438541536723,0.0008577858923107971,22.81755555922606
964800.0,230.55880242279648,1.0839804142046853e-10,96.72682750498903,0.0007205902035772744,22.857960696766582
968400.0,234.9945988694397,9.543917292390527e-11,96.73492314150897,0.0013728739444690322,22.895148321156633
972000.0,229.56619872198553,9.655325021157068e-11,96.73638307700006,0.0003799342518212635,22.947554315159817
975600.0,229.16207494899325,1.1703651162691297e-10,96.72882578282687,0.0008605881225446625,22.986870499183027
979200.0,237.96302370029025,9.276207985998369e-11,96.73702842352802,0.0018711590823733413,23.024857968314617
982800.0,225.99581654829026,1.137947839178609e-10,96.73347248138806,0.0001114594038782121,23.07570539375576
986400.0,228.39154428011986,1.22429128741377e-10,96.72771520186834,0.001113059049218172,23.112564382394396
990000.0,240.28431868541225,9.368854884814769e-11,96.7345042056128,0.0022621986535024054,23.154475967771173
993600.0,222.70216833025793,1.3286786955065572e-10,96.73011241325291,0.0005376804389028318,23.206377569434935
997200.0,227.7929295741749,1.2522745775779344e-10,96.72524620668099,0.001339611860156768,23.242677412154354
1000800.0,242.29319798221135,9.325618378308391e-11,96.73514205355052,0.0026204315185561224,23.286658345470613
1004400.0,219.48260192437738,1.5182577716060934e-10,96.7294978984532,0.0009579469176750365,23.335821157126695
1008000.0,227.8123541147784,1.2340281383298649e-10,96.72924593915043,0.0015422794145973319,23.369970492167628
1011600.0,242.97367770317038,9.378061920834524e-11,96.73813042831426,0.0028305870175102405,23.416041125166856
1015200.0,216.4728724128934,1.74549216460349e-10,96.73089345434846,0.0013056136906203126,23.462347160377472
1018800.0,228.59075140180812,1.1737214634706735e-10,96.73291049216269,0.0017344189599086714,23.496282900088488
1022400.0,242.72367291659978,9.529448330080018e-11,96.73902909382727,0.002917057806357445,23.544670701687306
1026000.0,213.90908335479133,1.9826790390893572e-10,96.72944657126065,0.0015595481444981795,23.589431813382195
1029600.0,229.68982975346646,1.1135207578893429e-10,96.73195674369067,0.0019330028720142725,23.623716862553067
1033200.0,241.81852330647908,9.739579432080547e-11,96.73513575365807,0.002889756245370134,23.674455095379937
1036800.0,212.5387686853334,2.070391746310451e-10,96.72495673989395,0.0016724761225169417,23.716370592728776
1040400.0,230.65222659410952,1.0680927235131163e-10,96.73163989614807,0.002015921135232217,23.751319155096663
1044000.0,239.79753783100912,1.0053133396476921e-10,96.73298825727856,0.0026785461796897964,23.803083155899586
1047600.0,212.16889050742324,1.9952395936453942e-10,96.72722601502875,0.0016298681587104777,23.842244728658788
1051200.0,231.02068463495849,1.0308991072029576e-10,96.73619971840901,0.002021251429943297,23.881005528320614
1054800.0,237.16348408112333,1.0244446687085823e-10,96.73582422893031,0.0023881186892089077,23.933298401488152
1058400.0,212.69375953460602,1.8595383596536624e-10,96.73034744097559,0.0014852741440411399,23.97009526735981
1062000.0,230.99517631926108,1.0048719931754408e-10,96.73925626164015,0.0019679260594760006,24.012385188125993
1065600.0,234.0841619163236,1.0430918920194405e-10,96.7354975451658,0.0020243674313194368,24.063519956641485
1069200.0,214.37044186567144,1.6735115195788874e-10,96.72987303186301,0.001191676266304286,24.09671955897633
1072800.0,230.46202826282402,1.006336608261384e-10,96.73825409395202,0.0018141653320426013,24.14057698113988
1076400.0,230.47856351266327,1.0995410197666349e-10,96.73031301554518,0.0015640877558235414,24.191550490676317
1080000.0,217.31434960393008,1.4452907602639368e-10,96.72796579914554,0.000807199165137082,24.22609856477106
1083600.0,228.92925359293665,1.040554959380903e-10,96.73570275573726,0.0015051745855571854,24.275003411312493
1087200.0,226.7772607709122,1.1837474765372116e-10,96.72829714036398,0.0010890797861429046,24.32217806639548
1090800.0,220.85294048765132,1.2947060657414009e-10,96.73166477605872,0.0006751865017130182,24.35549355034001
1094400.0,226.61134347522042,1.0889557714911805e-10,96.73825144083021,0.0011245858043249326,24.40553896608763
1098000.0,223.51526544573989,1.276242560352913e-10,96.73026020581844,0.0007578407634779991,24.44877323139481
1101600.0,224.31387258040854,1.2577629120668464e-10,96.73558351938188,0.0010239190655996092,24.483118594164218
1105200.0,223.61973758055112,1.1375344406306812e-10,96.73977280379945,0.000694913896049155,24.534256087049158
1108800.0,221.08865774923214,1.3837986226608483e-10,96.73052740048414,0.0007146649516106556,24.57439612865757
1112400.0,227.70407630223232,1.231360972685804e-10,96.73739406143942,0.001560886118763413,24.612168996587396
1116000.0,219.76478021183587,1.2356235934480373e-10,96.73582684962754,0.0001989485087285303,24.663617353483488
1119600.0,219.64494567371497,1.4835640558149575e-10,96.7273646407074,0.0009637039050441336,24.70126801847339
1123200.0,230.86295644367172,1.169019766300034e-10,96.73436662812149,0.0021002261581233596,24.74161521973985
1126800.0,215.8820462846198,1.457590394300135e-10,96.73203261413539,0.0003490824530171183,24.792594200663846
1130400.0,218.66466484039483,1.5471879229974403e-10,96.72764065239424,0.0012278372242611696,24.827080739698726
1134000.0,233.15191255874723,1.1474806078364103e-10,96.73780053552696,0.002548749203425556,24.871039920291434
1137600.0,211.7286207983632,1.869938807640483e-10,96.73350590021599,0.0008584035829689767,24.92108026391823
1141200.0,218.53301077059172,1.5455230588322016e-10,96.73234036763624,0.0015112195238499895,24.955715374997006
1144800.0,234.44578218296823,1.1734491008707705e-10,96.74179548217346,0.0028566807137796364,25.00290597856707
1148400.0,207.9185042539914,2.3041609793211357e-10,96.73395482307528,0.0013055936974554947,25.050745194073983
1152000.0,219.12180797930182,1.494623819968345e-10,96.7342408209734,0.0017474298967250787,25.085386702412375
1155600.0,234.52743964751343,1.229689296811022e-10,96.74054507916114,0.002991651147503621,25.133624692546242
1159200.0,205.2325032639111,2.537565721687717e-10,96.72993581975207,0.0015799539911174412,25.177408491024128
1162800.0,220.08482083899102,1.4170424678998514e-10,96.73418130927085,0.0019014387794151527,25.213477756764846
1166400.0,233.04060811425228,1.2882978174246905e-10,96.73661812311798,0.0028893906561087658,25.266162574514365
1170000.0,203.98603906409346,2.5902358776967645e-10,96.7273499979572,0.0016265071320767318,25.30786304427284
1173600.0,220.71363601053508,1.3736085898956425e-10,96.73416756811238,0.0019150491216449398,25.345839161495242
1177200.0,230.2774786589152,1.314039961830775e-10,96.73624977040406,0.0026038599528048515,25.39763537296758
1180800.0,203.96282124980024,2.5026274637719177e-10,96.73022913733107,0.0015148120064059911,25.435239583966826
1184400.0,221.24695437868613,1.376202448452832e-10,96.73900088026159,0.0018845684618070755,25.47525881595949
1188000.0,226.51531901665584,1.3287713373300267e-10,96.73702163908195,0.0021836042629499106,25.526388435716683
1191600.0,205.05389082201214,2.2947408443982784e-10,96.73257680607945,0.00124274558081299,25.561474961821773
1195200.0,221.10227252481448,1.3960804370317245e-10,96.74189563672002,0.0017795738906013743,25.604562975666383
1198800.0,222.4606978983103,1.3438236965647002e-10,96.73565548851231,0.001700891614362034,25.65442042912809
1202400.0,207.42370372879031,2.087251094318169e-10,96.73149571700223,0.0008916655801541373,25.68950428134884
1206000.0,219.95935871138374,1.389943398661467e-10,96.738234088547,0.0015395358265862871,25.73489989069377
1209600.0,218.30328739339498,1.4131995575892292e-10,96.73003842842544,0.0011920370013813737,25.78184035052007
1213200.0,210.99733871922243,1.886672929349721e-10,96.73029736388709,0.000640171103069093,25.816842507863154
1216800.0,217.65484378452297,1.3859119613796318e-10,96.73854625887306,0.001175620198323294,25.865948909027704
1220400.0,214.18835078237956,1.59861846946576e-10,96.72979682762902,0.000766749690826393,25.90957668844373
1224000.0,215.03153604110054,1.6420107277943803e-10,96.73631947487205,0.001043455386869428,25.945314561461096
1227600.0,213.9191759142701,1.4788942933595288e-10,96.74063722300211,0.0006578468814646844,25.997283472282952
1231200.0,211.11536549278148,1.8257428913886572e-10,96.73250842453739,0.0007544049933597735,26.03896842651728
1234800.0,219.06479520372332,1.4931582917617939e-10,96.7401757141226,0.0016995920493982498,26.076600761798765
1238400.0,209.38354444044765,1.7769326523797363e-10,96.73917860772546,0.00018711376992778774,26.128605117565783
1242000.0,209.1490230504227,2.002627613656765e-10,96.7322587301639,0.0010467569739419991,26.16663275705834
1245600.0,222.29090529252593,1.4792833590161363e-10,96.73863716026993,0.0022756555587171083,26.20635823634948
1249200.0,204.99254148830445,2.2471740798198504e-10,96.73558303217803,0.0005675598541492771,26.258313490572867
1252800.0,208.12215984086748,2.0935437211987726e-10,96.72902415224974,0.0013396577142817752,26.29554817622051
1256400.0,224.61331932514042,1.4794588741280552e-10,96.73841425530698,0.0027322826057085805,26.340932574698275
1260000.0,200.68417293074705,2.7482896581215954e-10,96.73180055836033,0.0010742811012196872,26.39049485007322
1263600.0,207.90832341058845,2.0774001847220018e-10,96.73214476493716,0.0015647472290090754,26.42517832993575
1267200.0,224.82782367894245,1.5034816610310749e-10,96.74110495609827,0.0029296610108412416,26.472512186996195
1270800.0,197.09816752805517,3.237312450655863e-10,96.73320718407625,0.0014223712260052364,26.51828936240483
1274400.0,208.85388467886673,1.9618969134882615e-10,96.73697118767714,0.0017262076130504988,26.55289245523671
1278000.0,223.25509900569196,1.5551759636822817e-10,96.74204580728627,0.002883713626447691,26.602878484177108
1281600.0,194.68536437328044,3.568281956157333e-10,96.73365365153224,0.0015672989822030775,26.645366550381492
1285200.0,210.07161265274726,1.8811443702993802e-10,96.73868942717823,0.0018454855362872442,26.68144717867623
1288800.0,220.2858135858196,1.6253447315928298e-10,96.73940251544877,0.002621664156287519,26.73394710372301
1292400.0,194.04716222281917,3.4797863663465126e-10,96.72935011128064,0.0014976893097975016,26.77335643541183
1296000.0,210.8778798234715,1.8323736762619257e-10,96.73638788604799,0.0018444193136415528,26.811713242197587
1299600.0,215.79359047934267,1.7044768514255234e-10,96.73370291089113,0.002104503338133025,26.86336070285419
1303200.0,195.40211339777971,3.1488465923725994e-10,96.72968333772783,0.001132046180997406,26.89976235265803
1306800.0,210.42366356363195,1.789640466084029e-10,96.7401469833009,0.0016782025700949716,26.943576497913583
1310400.0,210.53615933059464,1.8212835007420026e-10,96.73499920636952,0.0014835221778259234,26.99351268781502
1314000.0,198.39963059306336,2.7420010928878217e-10,96.73497020527431,0.0006946220441010723,27.027960264018027
1317600.0,208.42398500895473,1.8051264190475676e-10,96.74352150488984,0.0013601185099293737,27.076814472887843
1321200.0,205.38170759894973,2.0780471828775147e-10,96.73541569462968,0.0009134107366804939,27.124441760142563
1324800.0,202.51188891766614,2.2906395463454532e-10,96.73793661010775,0.0007828343778925168,27.15795871047703
1328400.0,205.0839339005949,1.9315204558198976e-10,96.74114276035763,0.0008925545101157201,27.207922058287554
1332000.0,201.02491495420045,2.427305210125153e-10,96.73198775981183,0.0006689072600346555,27.251408587097554
1335600.0,206.93088973885907,2.0717866932669152e-10,96.73629408531576,0.0014324739182958103,27.28814416146133
1339200.0,200.62476728344996,2.2978741391102073e-10,96.73759694830615,0.00042446584259720204,27.342019995984373
1342800.0,197.50243289225406,2.78059897440157e-10,96.72894280089933,0.0009127592514258873,27.382487511147477
1346400.0,211.03958398469433,2.0129902777425383e-10,96.7383562427213,0.0021712213912229036,27.422238059693637
1350000.0,195.38904802682683,2.916625170840143e-10,96.73602412526452,0.0005509181111070843,27.474640121477233
1353600.0,195.69320103446245,2.9961503956519916e-10,96.7322524892488,0.0012364192115948073,27.510324407100416
1357200.0,213.04480583767187,2.0002134507910007e-10,96.74232291765,0.0026748285118177997,27.553993333086005
1360800.0,190.13132132101143,3.7790860726973933e-10,96.73644009823856,0.0010171425107064927,27.603302328135545
1364400.0,195.7378463226762,2.948882338510851e-10,96.73620537537231,0.0014759094075398117,27.63755463611991
1368000.0,212.81902898106588,2.0393510508294766e-10,96.74355494414607,0.0028830306890345503,27.6854976105079
1371600.0,185.56856095313,4.816746522685091e-10,96.73404734917618,0.0013747648602234189,27.732018072764777
1375200.0,196.8821033232984,2.7772836143555036e-10,96.7359932083222,0.0016770802796141817,27.76656469782229
1378800.0,210.487098115415,2.1922616532555676e-10,96.73924752379435,0.0027778204792696217,27.818056010340488
1382400.0,183.1407326548854,5.236251264168288e-10,96.72884235440095,0.001461549897872283,27.860187522181906
1386000.0,198.03113143390166,2.655188761262526e-10,96.7363337759419,0.0017338685628101426,27.89645707659103
1389600.0,205.62524650512304,2.4356008052094675e-10,96.7360428028387,0.00229234066314804,27.949106463661412
1393200.0,183.02654910507894,4.929147949433754e-10,96.73129441196626,0.0012029106271489126,27.987190626867612
1396800.0,197.9876008565104,2.579404400296744e-10,96.7412702543148,0.0016483236909559892,28.029323210968716
1400400.0,199.41305930395106,2.682279125018077e-10,96.73757604999402,0.0016259977258850805,28.081309905028963
1404000.0,185.17238525201918,4.346889074450185e-10,96.7354420808427,0.0007207843348728178,28.116591376016217
1407600.0,196.3484625189778,2.605257139411185e-10,96.74396746369618,0.0014160438306998037,28.163900878600394
1411200.0,192.75395772655787,3.13198816447056e-10,96.73626796861343,0.0009181197599028245,28.21279197511481
1414800.0,189.09861763911246,3.603837710171221e-10,96.73612026393025,0.0006555271494091578,28.24549462659509
1418400.0,192.91689663693734,2.824714578776792e-10,96.74154008309362,0.0010144643146419046,28.29543644528602
1422000.0,186.73111400881854,3.806616847259109e-10,96.73083704632593,0.0005440020153048712,28.34105917414911
1425600.0,193.81583917775524,3.1880345655402076e-10,96.7357907989139,0.0014461007921415122,28.37852717807916
1429200.0,187.45183770924103,3.5334953299794165e-10,96.73685848729676,0.0005843039987644026,28.432603015022746
1432800.0,182.0936635130514,4.5331159499069156e-10,96.72952496092807,0.0009000201539664792,28.472363689792314
1436400.0,197.40588826574432,3.0965897220843845e-10,96.73957993448295,0.002248359360629734,28.512303641424516
1440000.0,180.96562666413476,4.84884761963228e-10,96.73703904828679,0.0006861425736406239,28.564633585862182
1443600.0,179.98111409071504,4.95721363827947e-10,96.73358736150495,0.0012176396973117545,28.600137573819552
1447200.0,198.25822860007273,3.100449228128963e-10,96.74303130851408,0.002723910748668986,28.645268756860776
1450800.0,174.5194945177902,6.833697881930002e-10,96.7364407630166,0.0010803473065503092,28.69392517866431
1454400.0,180.02701099476917,4.868838857514894e-10,96.73721476797007,0.001404373243801348,28.72838370776499
1458000.0,195.93531739402573,3.3537811307177495e-10,96.74286151600639,0.002775709824865997,28.778768589270182
1461600.0,169.4267185554575,8.754619609638357e-10,96.73099502082438,0.0013087392204730942,28.823595488633565
1465200.0,181.0268098587885,4.655957852966866e-10,96.73566126632569,0.0015401988862164665,28.859113542983305
1468800.0,190.1560713696873,4.016298415353627e-10,96.73628606245764,0.0023217875292785204,28.91180906263786
1472400.0,167.57213618250034,8.957533566444528e-10,96.7279854091692,0.0010721177716704513,28.951238015645686
1476000.0,181.17582040744972,4.5572520392192375e-10,96.73872150386028,0.0015458870423336307,28.991783730091207
1479600.0,181.49502948958963,4.996704830054436e-10,96.73488812782404,0.0014828215420923947,29.04394140368631
1483200.0,168.5427640807457,8.351787645101095e-10,96.73304151338563,0.00048227918188512703,29.07956717483066
1486800.0,178.70588817141726,4.72899244567745e-10,96.74274499627103,0.0013865471340355454,29.127408500305464
1490400.0,171.9810865517885,6.567490286152363e-10,96.73516244315398,0.0006094190667067122,29.17675677545496
1494000.0,171.58723564303648,7.223816286420194e-10,96.73750502203384,0.0007504440096840836,29.211649395876996
1497600.0,173.004998891679,5.657146833545101e-10,96.74162568253601,0.0010190238223077293,29.263156774134362
1501200.0,163.48982255761442,9.024683579867827e-10,96.73255112740273,0.0005644124234213148,29.306485007225543
1504800.0,174.60105499682962,6.627696969802951e-10,96.73689899838206,0.0017631667699653884,29.343227375383332
1508400.0,164.58685463917976,8.829627213577294e-10,96.73704627526757,0.0007276184166479579,29.39733207792771
1512000.0,157.1415019248892,1.195884211260621e-09,96.72793540190266,0.0010175025910984564,29.43704126779643
1515600.0,174.94284694571098,6.910755851293114e-10,96.73751642685642,0.0025399340551856275,29.481873623434637
1519200.0,154.22552555661625,1.5946569197808818e-09,96.73092858924765,0.0008901789303622946,29.53334925859363
1522800.0,153.2818028022624,1.4511516118802628e-09,96.73118694031756,0.0011670145904338692,29.568851712170503
1526400.0,168.80073574326963,8.805467832132585e-10,96.73942030713141,0.0026128448389172664,29.61852765819932
1530000.0,143.8422381851412,2.7547484697753334e-09,96.73044062566757,0.0009757258829807124,29.663502845748667
1533600.0,150.09970028018185,1.6929225787315964e-09,96.73662047897524,0.0012684331928979656,29.700628685065983
1537200.0,154.0297164375514,1.7041964596846299e-09,96.73738756101255,0.0018672988927524278,29.753721012772363
1540800.0,133.29866307029948,5.226536297845872e-09,96.72963372186926,0.00044425779531108005,29.79257763009975
1544400.0,139.40851974578578,3.030874302271851e-09,96.73703105638957,0.0016400698106471831,29.83557779625869
1548000.0,118.60075126550984,2.1242841215543944e-08,96.72805500592517,0.0007677871800817772,29.888701379761308
